file,actual_label,predicted_label
078851_0000.npy,Hip-Hop|Nerdcore|Alternative Hip-Hop,Hip-Hop|Alternative Hip-Hop
right_0142.npy,right,right
no_0139.npy,no,no
129396_0000.npy,Reggae - Dancehall,Reggae - Dancehall
off_0087.npy,off,off
up_0042.npy,up,up
yes_0045.npy,yes,yes
054568_0000.npy,Latin America,Balkan
down_0030.npy,down,down
cat_0172.npy,cat,cat
070657_0001.npy,Hip-Hop,Hip-Hop
stop_0062.npy,stop,stop
dog_0075.npy,dog,down
no_0068.npy,no,no
go_0185.npy,go,go
131791_0001.npy,New Age|Instrumental,New Age|Instrumental
marvin_0040.npy,marvin,marvin
sheila_0040.npy,sheila,sheila
down_0076.npy,down,down
012066_0001.npy,Folk,Folk
nine_0080.npy,nine,nine
144173_0002.npy,Hip-Hop|Alternative Hip-Hop|Rap,Hip-Hop|Alternative Hip-Hop|Rap
142381_0001.npy,Ambient,Hip-Hop|Rap
032331_0000.npy,Pop,Pop
145199_0001.npy,Rock|Noise-Rock,Rock|Noise-Rock
on_0031.npy,on,on
yes_0154.npy,yes,yes
nine_0137.npy,nine,nine
down_0164.npy,down,down
130130_0001.npy,Glitch|Chill-out,Glitch|Chill-out
eight_0068.npy,eight,eight
go_0220.npy,go,go
bird_0057.npy,bird,bird
bird_0116.npy,bird,bird
081623_0000.npy,Soundtrack,Soundtrack
go_0117.npy,go,go
056521_0000.npy,Singer-Songwriter,Celtic
four_0204.npy,four,four
062007_0000.npy,Soundtrack,Soundtrack
003707_0001.npy,Folk,Folk
124231_0000.npy,Noise,Audio Collage|Experimental
stop_0012.npy,stop,stop
123486_0001.npy,Soundtrack|Instrumental,Soundtrack|Instrumental
146483_0001.npy,Rock|Indie-Rock|Garage,Metal|Progressive
123439_0000.npy,Hip-Hop|Alternative Hip-Hop|Rap,Hip-Hop|Alternative Hip-Hop
two_0060.npy,two,two
dog_0168.npy,dog,dog
seven_0101.npy,seven,seven
one_0194.npy,one,one
088861_0000.npy,Folk,Folk
eight_0199.npy,eight,eight
no_0102.npy,no,no
five_0117.npy,five,five
138215_0002.npy,Hip-Hop,Hip-Hop
yes_0032.npy,yes,yes
eight_0188.npy,eight,eight
058060_0001.npy,Avant-Garde|Noise|Experimental,Avant-Garde|Noise|Experimental
three_0228.npy,three,three
one_0201.npy,one,one
129404_0000.npy,Reggae - Dancehall,Reggae - Dancehall
eight_0041.npy,eight,eight
up_0127.npy,up,up
138579_0002.npy,Techno|House|Dance,Techno|House|Dance
bird_0074.npy,bird,dog
tree_0138.npy,tree,tree
go_0155.npy,go,no
129056_0000.npy,Experimental Pop,Soundtrack
seven_0123.npy,seven,seven
132140_0000.npy,Balkan,Balkan
022150_0001.npy,Avant-Garde|Noise|Experimental|Improv,Avant-Garde|Noise|Experimental|Improv
seven_0091.npy,seven,seven
069798_0002.npy,Experimental|Electroacoustic,Experimental Pop
two_0066.npy,two,two
on_0059.npy,on,dog
000690_0001.npy,Rock,Rock
happy_0067.npy,happy,happy
024364_0000.npy,Latin America,Latin America
wow_0106.npy,wow,wow
140788_0001.npy,Psych-Folk|Freak-Folk,Folk
dog_0145.npy,dog,dog
no_0222.npy,no,go
on_0107.npy,on,on
one_0029.npy,one,one
six_0174.npy,six,six
123488_0002.npy,Soundtrack|Instrumental,Soundtrack
062188_0001.npy,Afrobeat|African,Singer-Songwriter|British Folk
one_0025.npy,one,one
right_0100.npy,right,right
cat_0013.npy,cat,cat
bird_0022.npy,bird,bird
off_0175.npy,off,off
house_0017.npy,house,house
cat_0154.npy,cat,cat
left_0216.npy,left,left
dog_0147.npy,dog,dog
100973_0000.npy,Electronic|Dubstep,Electronic|Glitch|Dubstep
010481_0001.npy,Folk,Folk
happy_0135.npy,happy,happy
off_0112.npy,off,off
yes_0060.npy,yes,yes
off_0038.npy,off,off
073580_0000.npy,Folk,Folk
046720_0002.npy,Experimental,Experimental
003776_0001.npy,Latin America|Polka,Latin
038891_0001.npy,Field Recordings|Unclassifiable,Field Recordings|Unclassifiable
zero_0166.npy,zero,zero
011681_0000.npy,Latin America,Folk
up_0073.npy,up,up
sheila_0086.npy,sheila,sheila
four_0145.npy,four,four
yes_0175.npy,yes,yes
house_0041.npy,house,house
seven_0099.npy,seven,seven
zero_0172.npy,zero,zero
eight_0044.npy,eight,eight
stop_0086.npy,stop,stop
yes_0031.npy,yes,yes
120329_0001.npy,Instrumental,Instrumental
stop_0143.npy,stop,stop
007712_0000.npy,Folk|Singer-Songwriter,Folk|Singer-Songwriter
084152_0000.npy,Experimental,Experimental Pop
five_0213.npy,five,five
126782_0001.npy,Folk,Folk
dog_0001.npy,dog,dog
038819_0002.npy,Celtic,Celtic
zero_0096.npy,zero,zero
five_0122.npy,five,five
six_0167.npy,six,six
046854_0000.npy,Pop,Industrial|Garage|Shoegaze
nine_0063.npy,nine,nine
027610_0000.npy,International|Europe|Flamenco|Latin|Spanish,Folk|Singer-Songwriter
096946_0001.npy,Pop|Experimental Pop,Pop|Experimental Pop
six_0015.npy,six,six
112211_0001.npy,Ambient,Soundtrack|Ambient|Instrumental
123439_0001.npy,Hip-Hop|Alternative Hip-Hop|Rap,Hip-Hop|Alternative Hip-Hop|Rap
no_0188.npy,no,no
one_0103.npy,one,one
014738_0001.npy,Rock,Rock
086077_0001.npy,Minimalism,Minimalism
zero_0146.npy,zero,zero
tree_0125.npy,tree,tree
three_0070.npy,three,three
on_0002.npy,on,on
cat_0103.npy,cat,cat
bird_0019.npy,bird,bird
left_0102.npy,left,left
up_0104.npy,up,up
064091_0000.npy,Experimental,Experimental
right_0151.npy,right,right
118059_0001.npy,Soundtrack|Instrumental,Soundtrack|Instrumental
141593_0000.npy,Reggae - Dub,Hip-Hop
down_0039.npy,down,down
032218_0000.npy,Electronic,Electronic
off_0105.npy,off,on
cat_0108.npy,cat,cat
down_0028.npy,down,down
bird_0132.npy,bird,bird
four_0074.npy,four,four
seven_0013.npy,seven,seven
057968_0002.npy,Punk|Electro-Punk|Industrial,Ambient
051479_0001.npy,Noise|Experimental|Improv,Avant-Garde|Experimental
left_0156.npy,left,left
tree_0004.npy,tree,tree
wow_0094.npy,wow,wow
057627_0000.npy,Experimental|Electroacoustic|Sound Art,Experimental|Electroacoustic|Sound Art
081082_0001.npy,Psych-Folk,Pop
098622_0000.npy,Hip-Hop|Rap,Pop
down_0220.npy,down,down
three_0119.npy,three,three
three_0151.npy,three,three
012737_0002.npy,Experimental,Experimental
112978_0000.npy,Instrumental,Instrumental
happy_0021.npy,happy,happy
114536_0000.npy,Soundtrack|Instrumental,Soundtrack|Instrumental
112978_0002.npy,Instrumental,Instrumental
marvin_0156.npy,marvin,marvin
bed_0127.npy,bed,dog
082920_0002.npy,Soundtrack,Soundtrack
marvin_0135.npy,marvin,marvin
046024_0000.npy,Rock|Garage|Post-Punk,Rock|Garage|Post-Punk
021403_0001.npy,Experimental Pop,Soundtrack
one_0229.npy,one,one
110629_0001.npy,Experimental|Minimalism,Experimental|Minimalism
two_0095.npy,two,eight
up_0225.npy,up,up
110103_0000.npy,Electronic|Chiptune|Chip Music,Electronic|Chiptune|Chip Music
110111_0002.npy,Electronic|Chiptune|Chip Music,Electronic|Chiptune|Chip Music
yes_0089.npy,yes,yes
left_0177.npy,left,left
happy_0092.npy,happy,happy
099363_0002.npy,International|Balkan,Balkan
marvin_0144.npy,marvin,marvin
five_0089.npy,five,five
122399_0002.npy,Rock|Garage|Surf,Rock|Garage|Surf
sheila_0038.npy,sheila,sheila
sheila_0105.npy,sheila,sheila
right_0203.npy,right,right
038834_0002.npy,Celtic,Celtic
down_0213.npy,down,down
sheila_0156.npy,sheila,sheila
eight_0177.npy,eight,eight
four_0127.npy,four,four
go_0042.npy,go,go
house_0079.npy,house,house
stop_0059.npy,stop,stop
108505_0001.npy,Punk|Post-Rock|Hardcore,Punk|Post-Rock|Hardcore
seven_0172.npy,seven,seven
right_0017.npy,right,right
yes_0197.npy,yes,yes
wow_0132.npy,wow,wow
096560_0002.npy,Rock|Punk,Rock|Punk
055237_0001.npy,Reggae - Dub,Latin
053457_0002.npy,Electronic,Dubstep
go_0196.npy,go,go
121473_0000.npy,Soundtrack|Ambient|Instrumental,Hip-Hop Beats
099392_0001.npy,International|Europe,International|Balkan
eight_0090.npy,eight,eight
085343_0000.npy,Electronic|Chiptune|Chip Music,Electronic|Chiptune|Chip Music
127296_0002.npy,Pop,Pop
go_0162.npy,go,go
bed_0065.npy,bed,bed
five_0067.npy,five,five
sheila_0001.npy,sheila,sheila
happy_0147.npy,happy,happy
110441_0001.npy,Folk,Folk
139992_0000.npy,Electronic|House|Drum & Bass,Electronic|House|Drum & Bass
bed_0009.npy,bed,bed
073773_0000.npy,Europe,International
128885_0000.npy,Instrumental,New Age|Instrumental
tree_0088.npy,tree,tree
three_0051.npy,three,three
bird_0163.npy,bird,bird
110653_0000.npy,Instrumental,Pop
110265_0001.npy,Hip-Hop|Rap,Hip-Hop|Rap
no_0193.npy,no,no
four_0141.npy,four,four
four_0139.npy,four,four
six_0111.npy,six,six
127726_0002.npy,Folk|Singer-Songwriter,Folk|Singer-Songwriter
left_0009.npy,left,left
three_0127.npy,three,three
000995_0000.npy,Noise,Noise
down_0163.npy,down,down
go_0187.npy,go,go
148216_0001.npy,Psych-Folk|Singer-Songwriter,Psych-Folk|Singer-Songwriter
left_0057.npy,left,left
004066_0000.npy,Psych-Folk,International
dog_0119.npy,dog,dog
011789_0001.npy,Hip-Hop,Hip-Hop
five_0048.npy,five,five
059682_0001.npy,International,International
110230_0000.npy,Noise|Experimental|Drone,Noise|Experimental|Drone
134454_0000.npy,Soundtrack|Ambient|Instrumental,Soundtrack|Ambient|Instrumental
two_0101.npy,two,two
036992_0001.npy,Hip-Hop,Hip-Hop
082157_0000.npy,Soundtrack|Ambient,Soundtrack
066637_0000.npy,Electronic|Ambient Electronic|Dubstep,Avant-Garde|Experimental
up_0072.npy,up,up
128835_0000.npy,Avant-Garde|Experimental|Unclassifiable,Soundtrack|Instrumental
marvin_0154.npy,marvin,marvin
129883_0001.npy,Reggae - Dub,Hip-Hop
right_0043.npy,right,right
138068_0002.npy,Pop,Post-Rock|Progressive
up_0068.npy,up,up
087105_0000.npy,Soundtrack,Soundtrack
three_0034.npy,three,three
004508_0001.npy,French,Folk
zero_0092.npy,zero,zero
go_0078.npy,go,go
five_0131.npy,five,five
070005_0002.npy,Improv,Improv
043586_0000.npy,Europe|Romany (Gypsy)|Klezmer,Europe|Romany (Gypsy)|Klezmer
two_0100.npy,two,two
dog_0130.npy,dog,dog
happy_0125.npy,happy,happy
015094_0000.npy,Experimental|Electroacoustic,Experimental|Electroacoustic
120317_0000.npy,Instrumental,Soundtrack
four_0198.npy,four,four
108524_0001.npy,Electronic|Techno|House,Electronic|Techno|House
down_0081.npy,down,down
143995_0000.npy,Rock|Punk|Indie-Rock,Power-Pop
141303_0002.npy,Soundtrack|Ambient,Soundtrack
089484_0000.npy,Folk,Folk
two_0174.npy,two,two
no_0165.npy,no,no
087152_0001.npy,Metal|Indie-Rock|Garage,Metal|Indie-Rock|Garage
three_0035.npy,three,three
six_0232.npy,six,six
127660_0001.npy,Soundtrack|Instrumental,Soundtrack|Instrumental
062595_0002.npy,Afrobeat,Afrobeat
six_0054.npy,six,six
147269_0001.npy,Hip-Hop,Hip-Hop
two_0038.npy,two,two
on_0135.npy,on,on
seven_0170.npy,seven,seven
sheila_0170.npy,sheila,sheila
bed_0161.npy,bed,bed
059671_0000.npy,International|Balkan,International|Balkan
099393_0002.npy,International|Europe,International|Europe
tree_0159.npy,tree,tree
116455_0001.npy,Folk,Instrumental
on_0220.npy,on,on
087377_0000.npy,Ambient Electronic|Chill-out,Ambient Electronic|Chill-out
no_0114.npy,no,no
two_0185.npy,two,two
036961_0000.npy,Pop|Synth Pop,Pop|Synth Pop
three_0144.npy,three,three
110684_0001.npy,Experimental|Drone|Sound Collage,Experimental|Drone|Sound Collage
063291_0000.npy,Soundtrack,Rock
off_0225.npy,off,off
right_0201.npy,right,right
six_0148.npy,six,six
two_0057.npy,two,two
on_0109.npy,on,on
nine_0006.npy,nine,nine
145754_0001.npy,Ambient Electronic|Dubstep,Dubstep
144173_0000.npy,Hip-Hop|Alternative Hip-Hop|Rap,Hip-Hop
dog_0023.npy,dog,dog
on_0036.npy,on,on
eight_0142.npy,eight,eight
141619_0002.npy,Ambient Electronic|Dubstep,Ambient Electronic|Dubstep
five_0080.npy,five,five
dog_0162.npy,dog,dog
121570_0001.npy,Punk|Garage,Rock
118921_0002.npy,Trip-Hop|Downtempo,Instrumental
bed_0058.npy,bed,bed
091623_0000.npy,Chiptune|Chip Music,Chiptune|Chip Music
007548_0001.npy,Avant-Garde|Experimental,Folk
down_0179.npy,down,down
066537_0002.npy,Lo-Fi|Surf,Lo-Fi|Surf
001249_0001.npy,Noise,Noise|Experimental
bed_0032.npy,bed,bed
house_0047.npy,house,house
049066_0001.npy,Avant-Garde|Noise|Experimental,Avant-Garde|Noise|Experimental
089484_0001.npy,Folk,Folk
133293_0000.npy,Avant-Garde|Field Recordings|Experimental|Electroacoustic|Musique Concrete,Kid-Friendly
068893_0002.npy,Chill-out,Chill-out
118951_0000.npy,Soundtrack,Experimental
go_0007.npy,go,go
six_0184.npy,six,six
111222_0002.npy,Soundtrack|Ambient,Soundtrack|Ambient
108808_0000.npy,Hip-Hop,Hip-Hop
zero_0130.npy,zero,zero
tree_0073.npy,tree,tree
up_0166.npy,up,up
down_0233.npy,down,down
one_0009.npy,one,one
off_0054.npy,off,off
126400_0000.npy,Experimental Pop,Pop
house_0109.npy,house,house
four_0054.npy,four,four
tree_0166.npy,tree,tree
dog_0165.npy,dog,dog
five_0077.npy,five,five
five_0034.npy,five,five
no_0067.npy,no,no
no_0047.npy,no,no
seven_0197.npy,seven,seven
two_0106.npy,two,two
seven_0060.npy,seven,seven
down_0210.npy,down,down
111388_0001.npy,Pop|Experimental Pop,Pop
004092_0002.npy,Polka|Balkan|Europe,Polka|Balkan|Europe
110653_0002.npy,Instrumental,Pop
on_0131.npy,on,on
right_0013.npy,right,right
left_0186.npy,left,left
on_0023.npy,on,on
cat_0014.npy,cat,cat
011787_0001.npy,Hip-Hop,Hip-Hop
up_0150.npy,up,up
eight_0024.npy,eight,eight
eight_0007.npy,eight,eight
069904_0000.npy,Hip-Hop,Hip-Hop|Rap
013596_0002.npy,Rock,Experimental
sheila_0135.npy,sheila,sheila
090625_0001.npy,Folk,Folk
yes_0231.npy,yes,yes
nine_0065.npy,nine,yes
tree_0033.npy,tree,tree
152103_0000.npy,Reggae - Dub,Reggae - Dub
sheila_0171.npy,sheila,sheila
on_0175.npy,on,nine
house_0048.npy,house,house
062188_0002.npy,Afrobeat|African,Pop
dog_0004.npy,dog,dog
yes_0223.npy,yes,yes
two_0180.npy,two,two
076078_0000.npy,International|Europe,International
stop_0005.npy,stop,stop
marvin_0019.npy,marvin,marvin
eight_0135.npy,eight,eight
071254_0001.npy,Hip-Hop|Alternative Hip-Hop,Hip-Hop|Alternative Hip-Hop
149124_0000.npy,Hip-Hop,Hip-Hop
up_0153.npy,up,up
one_0102.npy,one,one
off_0009.npy,off,off
four_0077.npy,four,four
054735_0001.npy,Punk|Post-Punk,Power-Pop
026600_0000.npy,Sound Poetry,Sound Poetry
cat_0142.npy,cat,cat
six_0037.npy,six,six
yes_0236.npy,yes,yes
002012_0000.npy,Noise,Noise
cat_0098.npy,cat,cat
down_0159.npy,down,down
133025_0001.npy,Ambient Electronic|Dubstep,Reggae - Dub
one_0096.npy,one,one
094263_0000.npy,Electronic,Electronic
113810_0000.npy,Pop,Pop
cat_0042.npy,cat,cat
012387_0002.npy,Pop,Soundtrack
on_0119.npy,on,on
068899_0001.npy,Chill-out,Chill-out
038326_0002.npy,Afrobeat,Afrobeat
nine_0111.npy,nine,nine
seven_0148.npy,seven,seven
happy_0082.npy,happy,happy
bird_0014.npy,bird,go
123147_0001.npy,Hip-Hop|Rap,Hip-Hop
off_0150.npy,off,off
127726_0000.npy,Folk|Singer-Songwriter,Folk
nine_0035.npy,nine,nine
154309_0001.npy,Hip-Hop|Rap|Hip-Hop Beats,Hip-Hop|Rap|Hip-Hop Beats
on_0065.npy,on,on
021995_0000.npy,Experimental Pop,Experimental Pop
bed_0043.npy,bed,bed
107188_0001.npy,Reggae - Dub,Electronic
bed_0092.npy,bed,bed
sheila_0012.npy,sheila,sheila
seven_0233.npy,seven,seven
118084_0001.npy,Electroacoustic,Electroacoustic
two_0105.npy,two,two
house_0154.npy,house,house
happy_0050.npy,happy,happy
right_0010.npy,right,right
bed_0133.npy,bed,bed
011675_0001.npy,Latin America,Pop
right_0036.npy,right,right
097960_0002.npy,Electronic|Trip-Hop|Chill-out,Electronic|Trip-Hop|Chill-out
zero_0198.npy,zero,zero
zero_0039.npy,zero,zero
right_0143.npy,right,right
127866_0000.npy,French,Instrumental
two_0175.npy,two,two
110774_0000.npy,Hip-Hop,Hip-Hop
two_0129.npy,two,two
108012_0001.npy,Folk|Singer-Songwriter,Soundtrack
nine_0103.npy,nine,nine
126229_0001.npy,Soundtrack|Instrumental,Soundtrack|Instrumental
097959_0000.npy,Electronic|Trip-Hop|Chill-out,Pop
four_0007.npy,four,four
up_0124.npy,up,up
140872_0001.npy,Singer-Songwriter,Folk
six_0197.npy,six,six
042789_0002.npy,Psych-Rock,Pop
left_0138.npy,left,left
062449_0001.npy,Pop,Experimental
110086_0001.npy,Hip-Hop,Hip-Hop
up_0048.npy,up,up
097886_0001.npy,Hardcore,Hardcore
seven_0005.npy,seven,seven
122625_0001.npy,Soundtrack|Instrumental,Soundtrack|Instrumental
nine_0218.npy,nine,nine
110927_0000.npy,Folk|Singer-Songwriter,Folk
zero_0024.npy,zero,zero
048999_0000.npy,Shoegaze,Post-Rock
051954_0001.npy,Dubstep,Dubstep
five_0047.npy,five,five
dog_0068.npy,dog,bird
118951_0001.npy,Soundtrack,Experimental
063805_0000.npy,Hip-Hop,Hip-Hop
050276_0002.npy,Folk|Singer-Songwriter,Pop
132561_0002.npy,Soundtrack,International|Middle East|Europe
133102_0002.npy,Instrumental,Instrumental
133100_0001.npy,Instrumental,International
stop_0231.npy,stop,seven
go_0101.npy,go,go
three_0100.npy,three,three
no_0234.npy,no,no
120317_0002.npy,Instrumental,Instrumental
024429_0001.npy,Hip-Hop,Hip-Hop
125287_0000.npy,Dance,Dance
116407_0000.npy,Hip-Hop Beats,Experimental
066394_0001.npy,Rock,Rock
128879_0001.npy,Holiday|Christmas,Singer-Songwriter
110450_0001.npy,Reggae - Dub,Chip Music
marvin_0021.npy,marvin,marvin
seven_0095.npy,seven,seven
129094_0002.npy,Rock|Surf,Rock|Surf
six_0210.npy,six,six
054156_0002.npy,Soundtrack,Experimental Pop
081814_0000.npy,Soundtrack,Soundtrack
one_0162.npy,one,one
happy_0013.npy,happy,happy
112487_0000.npy,Hip-Hop,Hip-Hop
two_0121.npy,two,two
107029_0001.npy,Hip-Hop,Techno|House|Dance
five_0011.npy,five,five
149138_0002.npy,Hip-Hop,Hip-Hop
yes_0044.npy,yes,yes
110735_0001.npy,Hip-Hop,Hip-Hop
087069_0001.npy,Electronic|Ambient Electronic|Drum & Bass,Electronic|Ambient Electronic|Drum & Bass
051998_0001.npy,Reggae - Dub,Reggae - Dub|Reggae - Dancehall
114283_0000.npy,Electronic|Chiptune|Chip Music,Electronic|Chiptune|Chip Music
no_0211.npy,no,no
yes_0146.npy,yes,yes
053300_0002.npy,Reggae - Dub,Reggae - Dub
044951_0001.npy,Salsa,Latin America
151404_0000.npy,Chill-out|Dubstep,Soundtrack
stop_0200.npy,stop,stop
go_0133.npy,go,go
134455_0002.npy,Soundtrack|Ambient|Instrumental,Soundtrack|Ambient|Instrumental
up_0006.npy,up,up
017496_0001.npy,Hip-Hop|Alternative Hip-Hop,Hip-Hop|Rap
zero_0203.npy,zero,zero
040234_0000.npy,Folk,Folk
dog_0000.npy,dog,down
058541_0001.npy,Rock,Indie-Rock|Power-Pop
038784_0001.npy,International|Celtic,International|Celtic
109548_0000.npy,Avant-Garde|Electroacoustic,Avant-Garde|Electroacoustic
wow_0161.npy,wow,wow
go_0147.npy,go,one
four_0111.npy,four,four
seven_0156.npy,seven,seven
left_0158.npy,left,left
118327_0001.npy,Metal|Noise-Rock,Metal|Noise-Rock
eight_0131.npy,eight,eight
043621_0000.npy,Freak-Folk,Soundtrack|Instrumental
110982_0002.npy,Post-Rock|Progressive,Folk
tree_0052.npy,tree,tree
064365_0001.npy,Pop,Pop
right_0197.npy,right,right
six_0098.npy,six,six
left_0206.npy,left,left
down_0147.npy,down,down
137175_0001.npy,New Age,New Age
happy_0114.npy,happy,happy
six_0089.npy,six,six
109480_0000.npy,Singer-Songwriter,Singer-Songwriter
cat_0139.npy,cat,cat
nine_0071.npy,nine,nine
house_0076.npy,house,house
no_0231.npy,no,no
nine_0192.npy,nine,nine
093985_0002.npy,Punk|Lo-Fi|Garage,Punk|Lo-Fi|Garage
eight_0217.npy,eight,eight
120328_0000.npy,Instrumental,Instrumental
three_0107.npy,three,three
000995_0002.npy,Noise,Noise
092366_0002.npy,Ambient Electronic,Ambient Electronic
001661_0000.npy,Pop,Latin America
136094_0000.npy,Post-Punk|Power-Pop,Post-Punk|Power-Pop
one_0165.npy,one,one
sheila_0035.npy,sheila,sheila
house_0147.npy,house,house
three_0040.npy,three,three
139772_0001.npy,Soundtrack|Instrumental,Soundtrack|Instrumental
014542_0000.npy,Hip-Hop,Hip-Hop
on_0156.npy,on,bird
four_0147.npy,four,four
003573_0001.npy,Electronic,Pop
nine_0083.npy,nine,nine
eight_0172.npy,eight,eight
bird_0114.npy,bird,bird
two_0207.npy,two,two
bird_0053.npy,bird,bird
wow_0025.npy,wow,wow
031042_0001.npy,Electronic,Electronic
121317_0002.npy,Alternative Hip-Hop|Rap|Hip-Hop Beats,Hip-Hop
075427_0000.npy,Rap,Rap
024912_0000.npy,Field Recordings,Field Recordings
013749_0001.npy,Hip-Hop,Hip-Hop
148611_0001.npy,Pop,Folk|Singer-Songwriter
cat_0035.npy,cat,cat
038775_0000.npy,International|Celtic,International|Celtic
left_0074.npy,left,left
house_0098.npy,house,house
off_0146.npy,off,off
seven_0176.npy,seven,zero
cat_0116.npy,cat,cat
045122_0000.npy,Experimental Pop|Synth Pop,Dubstep
go_0100.npy,go,go
153383_0002.npy,Experimental Pop,Hip-Hop|Rap
089482_0002.npy,Folk,Folk
three_0200.npy,three,three
132964_0001.npy,Hip-Hop|Rap,Hip-Hop|Rap
five_0064.npy,five,five
050956_0001.npy,Soundtrack,Soundtrack
yes_0042.npy,yes,yes
on_0176.npy,on,on
cat_0082.npy,cat,cat
013666_0000.npy,Rock,Punk|Electro-Punk
stop_0069.npy,stop,stop
stop_0105.npy,stop,stop
056800_0001.npy,Electronic,Pop
six_0016.npy,six,six
eight_0170.npy,eight,eight
061172_0001.npy,Hip-Hop|Rap,Hip-Hop|Rap
148510_0002.npy,Pop,Pop
dog_0060.npy,dog,dog
off_0014.npy,off,off
down_0094.npy,down,down
057891_0001.npy,Lo-Fi|Death-Metal|Grindcore,Lo-Fi|Death-Metal|Grindcore
075230_0001.npy,Rock|Metal|Loud-Rock,Rock|Metal|Loud-Rock
080836_0001.npy,Chiptune,Chiptune
145241_0000.npy,Rock|Indie-Rock,Pop
marvin_0000.npy,marvin,marvin
wow_0083.npy,wow,wow
107584_0001.npy,Folk,Folk
cat_0135.npy,cat,cat
two_0229.npy,two,two
040147_0001.npy,Experimental,Instrumental
one_0122.npy,one,one
071515_0001.npy,Electronic|Chiptune|Chip Music,House|Chip Music|Dubstep
129094_0001.npy,Rock|Surf,Metal
up_0009.npy,up,up
house_0106.npy,house,house
084057_0000.npy,Experimental|Sound Collage|Sound Art,Field Recordings
087641_0001.npy,IDM|Drum & Bass|Jungle,IDM|Drum & Bass|Jungle
054942_0001.npy,Black-Metal,Experimental
014541_0002.npy,Hip-Hop,Hip-Hop
go_0076.npy,go,go
115932_0002.npy,Folk,Folk
122804_0002.npy,Experimental Pop,Experimental Pop
zero_0197.npy,zero,zero
zero_0077.npy,zero,zero
yes_0166.npy,yes,yes
143214_0000.npy,Rock|Indie-Rock|Progressive,New Age|Instrumental
125825_0000.npy,Soundtrack|Instrumental,Soundtrack|Instrumental
027803_0001.npy,Avant-Garde|Sound Collage,Ambient Electronic|Chill-out
nine_0012.npy,nine,nine
bird_0040.npy,bird,bird
six_0047.npy,six,six
eight_0058.npy,eight,eight
left_0049.npy,left,left
down_0190.npy,down,down
bed_0112.npy,bed,bed
124185_0000.npy,Metal,Metal
happy_0031.npy,happy,happy
051112_0002.npy,Avant-Garde|Experimental,Avant-Garde|Experimental
138023_0002.npy,Soundtrack,Soundtrack|Instrumental
on_0121.npy,on,on
022091_0002.npy,Hip-Hop,Pop
124876_0000.npy,Soundtrack,Soundtrack
up_0143.npy,up,up
130964_0000.npy,Singer-Songwriter,Folk|Singer-Songwriter
off_0012.npy,off,off
125825_0001.npy,Soundtrack|Instrumental,Soundtrack|Instrumental
bird_0013.npy,bird,bird
043534_0000.npy,Middle East|Balkan|Romany (Gypsy),Middle East|Balkan|Romany (Gypsy)
022479_0001.npy,Experimental Pop,North African
029742_0000.npy,Novelty|Kid-Friendly,Novelty|Kid-Friendly
000140_0000.npy,Folk,Folk
two_0232.npy,two,two
043595_0000.npy,Romany (Gypsy),Romany (Gypsy)
tree_0012.npy,tree,tree
on_0078.npy,on,on
right_0215.npy,right,right
041605_0000.npy,Electroacoustic|Sound Collage,Electronic|House|Drum & Bass
078849_0001.npy,Hip-Hop|Nerdcore|Alternative Hip-Hop,Ambient Electronic
eight_0075.npy,eight,eight
stop_0214.npy,stop,stop
032325_0001.npy,Pop,Pop
one_0076.npy,one,one
121976_0001.npy,Experimental|Electroacoustic,Soundtrack|Ambient
left_0163.npy,left,left
six_0212.npy,six,six
five_0042.npy,five,five
no_0212.npy,no,no
five_0174.npy,five,five
bed_0147.npy,bed,bed
127350_0001.npy,Electronic|Chiptune,Metal
four_0062.npy,four,four
two_0210.npy,two,two
048763_0000.npy,Krautrock|Psych-Rock|Space-Rock,Experimental Pop
145646_0002.npy,Electronic|Dance,Soundtrack
113035_0001.npy,Hip-Hop|Alternative Hip-Hop|Rap,Hip-Hop|Alternative Hip-Hop|Rap
120105_0000.npy,Experimental Pop,Experimental Pop
007554_0001.npy,Avant-Garde|Experimental,Avant-Garde|Experimental
down_0229.npy,down,down
136424_0001.npy,Electronic|House|Chill-out,Electronic|House|Chill-out
060756_0002.npy,Balkan|Europe,Balkan|Europe
bed_0157.npy,bed,bed
one_0215.npy,one,one
zero_0164.npy,zero,zero
100478_0001.npy,Hip-Hop,Hip-Hop
yes_0163.npy,yes,yes
130932_0000.npy,Soundtrack|Instrumental,Soundtrack|Instrumental
zero_0055.npy,zero,four
one_0145.npy,one,one
065063_0000.npy,Electronic|Chiptune|Chip Music,Latin America
bed_0042.npy,bed,bed
036560_0000.npy,Experimental Pop|Synth Pop,Alternative Hip-Hop|Rap|Hip-Hop Beats
eight_0089.npy,eight,eight
three_0096.npy,three,three
117943_0001.npy,Reggae - Dub,Hip-Hop|Rap
141590_0000.npy,Reggae - Dub,Reggae - Dub
084485_0002.npy,Electronic|Chip Music|Skweee,Hip-Hop
118921_0000.npy,Trip-Hop|Downtempo,New Age|Instrumental
124470_0000.npy,Punk|Electro-Punk,Rock|Indie-Rock
marvin_0117.npy,marvin,marvin
stop_0010.npy,stop,stop
two_0110.npy,two,two
126589_0001.npy,New Age|Instrumental,Soundtrack
cat_0095.npy,cat,cat
five_0085.npy,five,five
117846_0000.npy,Improv,Improv
047526_0000.npy,Garage|Power-Pop,Pop
091790_0000.npy,Folk,Folk
down_0124.npy,down,down
happy_0172.npy,happy,happy
right_0212.npy,right,right
020050_0002.npy,Rock,Folk|Singer-Songwriter
001197_0001.npy,Folk,Folk
right_0119.npy,right,right
six_0024.npy,six,six
no_0021.npy,no,no
125659_0000.npy,Soundtrack|Instrumental,Soundtrack|Instrumental
right_0076.npy,right,right
118671_0001.npy,Folk,Pop
147268_0001.npy,Hip-Hop,Hip-Hop
two_0037.npy,two,two
088960_0000.npy,Indie-Rock|Post-Punk|Goth,Indie-Rock|Post-Punk|Goth
up_0226.npy,up,up
right_0095.npy,right,right
109356_0000.npy,Lo-Fi|Indie-Rock|Post-Punk,Pop
yes_0113.npy,yes,yes
054664_0000.npy,Experimental Pop,Folk
096935_0000.npy,Punk|Hardcore,Punk|Hardcore
107909_0001.npy,Electronic|Ambient Electronic|Chill-out,Unclassifiable
two_0179.npy,two,two
120330_0001.npy,Instrumental,Experimental Pop
house_0001.npy,house,house
tree_0146.npy,tree,tree
house_0070.npy,house,house
five_0072.npy,five,five
six_0141.npy,six,six
on_0063.npy,on,on
left_0006.npy,left,left
bed_0077.npy,bed,bed
038557_0001.npy,Surf,Soundtrack
stop_0234.npy,stop,stop
down_0133.npy,down,down
no_0056.npy,no,no
no_0006.npy,no,no
082507_0002.npy,Folk,Folk
seven_0096.npy,seven,seven
064626_0001.npy,Hip-Hop Beats,Hip-Hop Beats
033415_0001.npy,Latin America,Hip-Hop
down_0070.npy,down,down
down_0151.npy,down,dog
tree_0032.npy,tree,tree
two_0186.npy,two,two
on_0018.npy,on,on
six_0217.npy,six,six
down_0020.npy,down,down
117612_0000.npy,Soundtrack|Instrumental,Soundtrack|Instrumental
109537_0001.npy,Electronic|Chiptune|Chip Music,Electronic|Chiptune|Chip Music
123932_0001.npy,Electronic|Glitch|Dubstep,Alternative Hip-Hop
006439_0001.npy,Hip-Hop,Hip-Hop
zero_0028.npy,zero,zero
006406_0000.npy,Psych-Folk,Folk
bed_0037.npy,bed,bed
yes_0181.npy,yes,yes
seven_0039.npy,seven,seven
031040_0001.npy,Electronic,Electronic
wow_0118.npy,wow,wow
135373_0001.npy,Rock|Indie-Rock|Progressive,Rock|Garage|Power-Pop
nine_0172.npy,nine,nine
off_0140.npy,off,off
104062_0001.npy,Rock|Industrial,Experimental Pop
073566_0000.npy,Folk,Folk
two_0075.npy,two,two
nine_0169.npy,nine,nine
125159_0001.npy,Electronic|Techno|Dance|Chill-out|Downtempo,House
089486_0000.npy,Folk,Folk
stop_0198.npy,stop,stop
no_0176.npy,no,no
122910_0001.npy,Noise,Noise
marvin_0148.npy,marvin,marvin
three_0093.npy,three,three
left_0112.npy,left,left
085823_0001.npy,Electronic|Drum & Bass|Jungle,Electronic|Drum & Bass|Jungle
144470_0002.npy,Singer-Songwriter,Singer-Songwriter
down_0047.npy,down,down
dog_0137.npy,dog,dog
106569_0000.npy,Rock|Goth|Surf,Instrumental
stop_0023.npy,stop,stop
zero_0189.npy,zero,zero
128760_0001.npy,Electronic|Techno|Bigbeat,Electronic|Techno|Bigbeat
three_0073.npy,three,three
119086_0000.npy,Experimental,Experimental
cat_0085.npy,cat,cat
zero_0027.npy,zero,zero
067237_0000.npy,Rock,Pop
063250_0000.npy,Folk,Folk
off_0166.npy,off,off
seven_0003.npy,seven,seven
088872_0002.npy,Folk,Instrumental
014579_0000.npy,Soundtrack|Instrumental,Soundtrack|Instrumental
118923_0000.npy,Trip-Hop|Downtempo,Reggae - Dub
115771_0000.npy,Soundtrack,Soundtrack
023172_0002.npy,Rock,Soundtrack
marvin_0001.npy,marvin,zero
001644_0001.npy,Pop,Pop
seven_0110.npy,seven,seven
092573_0000.npy,Sound Collage|Musique Concrete|Sound Art,Sound Collage|Musique Concrete|Sound Art
115774_0002.npy,Soundtrack,Folk|Singer-Songwriter
five_0014.npy,five,five
110654_0000.npy,Instrumental,Experimental Pop
dog_0173.npy,dog,dog
marvin_0160.npy,marvin,marvin
nine_0018.npy,nine,nine
110654_0001.npy,Instrumental,Latin America
029243_0000.npy,Experimental Pop,Experimental Pop
zero_0031.npy,zero,zero
zero_0078.npy,zero,zero
055437_0000.npy,Experimental Pop,Experimental Pop
148190_0000.npy,Psych-Folk|Singer-Songwriter,Folk|Singer-Songwriter
069745_0002.npy,Experimental Pop,Experimental Pop
090828_0001.npy,Pop,Pop
one_0107.npy,one,one
left_0016.npy,left,left
go_0174.npy,go,go
085421_0000.npy,Pop,Rock
go_0161.npy,go,go
four_0183.npy,four,four
five_0083.npy,five,five
four_0205.npy,four,four
bed_0039.npy,bed,bed
075391_0002.npy,Hip-Hop|Rap,Hip-Hop|Rap
111182_0001.npy,Folk|Psych-Folk|Singer-Songwriter,Folk|Psych-Folk|Singer-Songwriter
left_0144.npy,left,left
141287_0001.npy,Soundtrack|Ambient,Noise|Drone
122650_0001.npy,Soundtrack|Instrumental,Soundtrack|Instrumental
tree_0133.npy,tree,tree
no_0001.npy,no,no
tree_0165.npy,tree,tree
three_0168.npy,three,three
003724_0000.npy,Noise-Rock|Psych-Rock,Noise-Rock|Psych-Rock
133019_0000.npy,Ambient Electronic|Dubstep,Ambient Electronic|Dubstep
cat_0120.npy,cat,cat
123832_0000.npy,New Wave,Pop
go_0097.npy,go,go
seven_0178.npy,seven,seven
146481_0001.npy,Rock|Indie-Rock|Garage,Rock
119574_0001.npy,Lo-Fi|Metal,Lo-Fi|Metal
117629_0000.npy,Singer-Songwriter,Pop
zero_0161.npy,zero,zero
127559_0000.npy,Psych-Rock,Pop
three_0197.npy,three,three
yes_0011.npy,yes,yes
off_0186.npy,off,off
114397_0001.npy,Post-Rock,Post-Rock
088873_0002.npy,Folk,Folk
up_0047.npy,up,up
down_0087.npy,down,down
112211_0000.npy,Ambient,Soundtrack|Ambient|Instrumental
011262_0001.npy,Electronic,Experimental Pop
down_0198.npy,down,down
off_0188.npy,off,off
bird_0098.npy,bird,bird
116755_0000.npy,Soundtrack|Instrumental,Experimental Pop
130989_0000.npy,Soundtrack|Instrumental,Soundtrack|Instrumental
066650_0000.npy,Pop,Electronic|House|Drum & Bass
five_0024.npy,five,five
yes_0207.npy,yes,yes
no_0138.npy,no,no
sheila_0087.npy,sheila,sheila
marvin_0013.npy,marvin,marvin
011795_0002.npy,Hip-Hop,Hip-Hop
two_0193.npy,two,two
107181_0001.npy,Reggae - Dub,Reggae - Dub
seven_0011.npy,seven,seven
zero_0235.npy,zero,zero
nine_0075.npy,nine,nine
seven_0036.npy,seven,seven
000620_0000.npy,Folk,Folk
off_0165.npy,off,off
no_0214.npy,no,no
115294_0002.npy,Instrumental,Instrumental
right_0042.npy,right,right
113265_0001.npy,International,Pop
017608_0001.npy,Asia-Far East,Asia-Far East
098348_0000.npy,Balkan,Psych-Rock|Space-Rock
stop_0115.npy,stop,stop
two_0158.npy,two,two
seven_0078.npy,seven,seven
one_0069.npy,one,one
109448_0001.npy,Folk|Singer-Songwriter,Folk|Singer-Songwriter
080003_0002.npy,Folk|Singer-Songwriter,Folk|Singer-Songwriter
yes_0169.npy,yes,yes
bed_0117.npy,bed,bed
four_0189.npy,four,four
yes_0176.npy,yes,yes
112781_0001.npy,Noise,Noise
121987_0001.npy,Experimental|Electroacoustic,Soundtrack|Instrumental
024901_0000.npy,Field Recordings,Field Recordings
down_0090.npy,down,down
134938_0001.npy,International|Middle East|Turkish,International|Middle East|Turkish
eight_0196.npy,eight,eight
house_0165.npy,house,house
056247_0001.npy,Experimental Pop,Experimental Pop
yes_0149.npy,yes,yes
010696_0000.npy,Hip-Hop,Hip-Hop
six_0159.npy,six,six
three_0013.npy,three,three
five_0148.npy,five,five
three_0216.npy,three,three
six_0057.npy,six,six
061491_0001.npy,Indie-Rock|Progressive,Instrumental
nine_0027.npy,nine,nine
122397_0002.npy,Rock|Garage|Surf,Pop
off_0085.npy,off,off
125814_0000.npy,Soundtrack|Instrumental,Soundtrack|Instrumental
019685_0000.npy,Space-Rock,Rock|Garage
eight_0146.npy,eight,eight
six_0231.npy,six,six
six_0053.npy,six,six
on_0089.npy,on,four
four_0142.npy,four,four
114274_0000.npy,Hip-Hop Beats,Hip-Hop
seven_0180.npy,seven,seven
two_0058.npy,two,two
066636_0001.npy,Electronic|Ambient Electronic|Dubstep,Electronic|Ambient Electronic|Dubstep
010679_0000.npy,Folk,Folk
bed_0057.npy,bed,bed
eight_0092.npy,eight,eight
no_0092.npy,no,no
150064_0001.npy,Folk|Singer-Songwriter,Soundtrack
up_0218.npy,up,up
stop_0223.npy,stop,stop
eight_0230.npy,eight,eight
zero_0079.npy,zero,zero
stop_0210.npy,stop,stop
031999_0000.npy,Indie-Rock,Hip-Hop
006448_0002.npy,Hip-Hop,Hip-Hop
two_0206.npy,two,two
cat_0164.npy,cat,cat
132040_0001.npy,Singer-Songwriter,Pop
007377_0001.npy,Audio Collage|Experimental,Chiptune|Chip Music
two_0196.npy,two,two
stop_0128.npy,stop,stop
073363_0001.npy,Electronic|Ambient Electronic|Downtempo,Pop|Synth Pop
one_0154.npy,one,one
109203_0001.npy,Indie-Rock,Rock
marvin_0093.npy,marvin,marvin
089179_0002.npy,Alternative Hip-Hop,Alternative Hip-Hop
137167_0002.npy,New Age,New Age
four_0223.npy,four,right
067336_0001.npy,Experimental Pop,Pop
029043_0000.npy,Trip-Hop|Dance|Chill-out|Bigbeat,Ambient
down_0099.npy,down,down
stop_0072.npy,stop,go
042044_0001.npy,Rock|Metal,Rock|Metal
sheila_0146.npy,sheila,sheila
marvin_0121.npy,marvin,marvin
up_0084.npy,up,up
dog_0158.npy,dog,dog
on_0100.npy,on,on
zero_0062.npy,zero,zero
off_0062.npy,off,off
071276_0001.npy,Punk|Noise-Rock,Punk|Noise-Rock
063252_0001.npy,Folk,Folk
068861_0002.npy,Folk,Folk
108472_0000.npy,Soundtrack|Instrumental,Soundtrack|Instrumental
house_0065.npy,house,house
108319_0001.npy,Experimental,Experimental
137424_0002.npy,Indie-Rock|Power-Pop,Indie-Rock|Power-Pop
084290_0001.npy,Rock,Rock
left_0149.npy,left,left
054719_0000.npy,Electronic,Hip-Hop Beats
054297_0001.npy,Folk|Singer-Songwriter,Folk|Singer-Songwriter
on_0125.npy,on,on
054365_0001.npy,Hip-Hop,Hip-Hop
nine_0121.npy,nine,nine
111400_0001.npy,Pop|Experimental Pop,Reggae - Dub
137424_0001.npy,Indie-Rock|Power-Pop,Indie-Rock|Power-Pop
three_0192.npy,three,three
seven_0056.npy,seven,seven
two_0067.npy,two,two
092948_0001.npy,Soundtrack|Ambient,Soundtrack|Ambient
069198_0001.npy,House|Dance|Chill-out,House|Dance|Chill-out
069207_0001.npy,House|Dance|Chill-out,House|Dance|Chill-out
064995_0002.npy,Hip-Hop Beats,Hip-Hop Beats
four_0070.npy,four,four
happy_0118.npy,happy,happy
down_0105.npy,down,down
108429_0001.npy,Synth Pop,Synth Pop
087193_0001.npy,Pop,Folk|Singer-Songwriter
one_0071.npy,one,one
cat_0010.npy,cat,cat
go_0186.npy,go,go
two_0033.npy,two,two
on_0115.npy,on,on
036272_0001.npy,Balkan,Instrumental
five_0078.npy,five,five
087194_0002.npy,Pop,Pop
065752_0001.npy,Hip-Hop|Rap,Hip-Hop|Rap
six_0205.npy,six,six
030740_0000.npy,Avant-Garde,Avant-Garde
six_0014.npy,six,six
134594_0001.npy,Psych-Rock,Psych-Rock
six_0081.npy,six,six
058543_0001.npy,Rock,Rock
127914_0000.npy,Pop,Pop
stop_0160.npy,stop,stop
106954_0002.npy,Metal|Black-Metal,Metal|Black-Metal
two_0082.npy,two,two
zero_0173.npy,zero,zero
on_0022.npy,on,on
012537_0000.npy,Pop,Pop
seven_0017.npy,seven,seven
right_0045.npy,right,right
go_0040.npy,go,go
145476_0000.npy,Instrumental,New Age|Instrumental
four_0017.npy,four,four
014363_0002.npy,Hip-Hop|Alternative Hip-Hop,Hip-Hop|Alternative Hip-Hop
six_0063.npy,six,six
up_0079.npy,up,up
120769_0001.npy,Soundtrack|Instrumental,Soundtrack|Ambient|Instrumental
083960_0000.npy,Noise|Experimental,Noise
six_0007.npy,six,six
039875_0001.npy,Avant-Garde|Noise|Experimental,Avant-Garde|Noise|Experimental
098206_0001.npy,Electronic|Techno|Dance,Electronic|Techno|Dance
108499_0000.npy,Hip-Hop|Rap,Hip-Hop
go_0121.npy,go,go
yes_0185.npy,yes,yes
075417_0000.npy,Rap,Rap
116029_0001.npy,Electronic,Folk
sheila_0065.npy,sheila,sheila
three_0187.npy,three,three
two_0208.npy,two,two
nine_0030.npy,nine,nine
068600_0001.npy,Alternative Hip-Hop,Hip-Hop
091619_0002.npy,Chiptune|Chip Music,Chiptune|Chip Music
128885_0001.npy,Instrumental,Instrumental
yes_0190.npy,yes,yes
stop_0165.npy,stop,stop
on_0127.npy,on,on
wow_0113.npy,wow,wow
064626_0002.npy,Hip-Hop Beats,Hip-Hop Beats
nine_0142.npy,nine,nine
137175_0000.npy,New Age,New Age
072210_0000.npy,Techno|Dance,House|Dance|Chill-out
141593_0001.npy,Reggae - Dub,Hip-Hop
141618_0001.npy,Ambient Electronic|Dubstep,Ambient Electronic|Dubstep
003573_0002.npy,Electronic,Experimental Pop
014541_0001.npy,Hip-Hop,Hip-Hop
058543_0002.npy,Rock,Rock
097894_0002.npy,Indie-Rock|Post-Punk,Rock|Indie-Rock|Progressive
cat_0111.npy,cat,cat
109957_0002.npy,Experimental Pop|Synth Pop,Experimental Pop|Synth Pop
143239_0002.npy,Soundtrack|Ambient|Instrumental,Soundtrack|Ambient|Instrumental
one_0117.npy,one,one
go_0222.npy,go,go
no_0065.npy,no,no
043029_0000.npy,Asia-Far East,Asia-Far East
nine_0165.npy,nine,nine
082629_0001.npy,Reggae - Dub,Reggae - Dub
bird_0079.npy,bird,bird
091443_0002.npy,Folk|Singer-Songwriter,Folk|Singer-Songwriter
072790_0002.npy,Hip-Hop,Hip-Hop
063999_0000.npy,Pop,Pop
nine_0177.npy,nine,nine
023063_0001.npy,Experimental,Experimental
zero_0113.npy,zero,zero
bird_0104.npy,bird,bird
left_0191.npy,left,left
000141_0001.npy,Folk,Experimental Pop
129046_0000.npy,Lo-Fi,Hip-Hop
065063_0001.npy,Electronic|Chiptune|Chip Music,Pop
060754_0000.npy,Balkan|Europe,Balkan|Europe
sheila_0130.npy,sheila,sheila
bed_0001.npy,bed,bed
left_0161.npy,left,left
four_0072.npy,four,four
down_0115.npy,down,down
116240_0001.npy,Electronic|Dance|Skweee,Electronic|Dance|Skweee
right_0174.npy,right,right
014584_0000.npy,Soundtrack|Instrumental,Soundtrack|Instrumental
121739_0000.npy,Pop,Pop
four_0035.npy,four,four
126290_0000.npy,Soundtrack|Instrumental,Soundtrack|Instrumental
123523_0001.npy,Soundtrack|Instrumental,Soundtrack|Instrumental
wow_0047.npy,wow,wow
off_0096.npy,off,off
003274_0002.npy,Folk,Folk
087431_0001.npy,Post-Rock|Metal,Post-Rock|Metal
five_0095.npy,five,five
tree_0053.npy,tree,tree
up_0008.npy,up,up
up_0066.npy,up,up
010809_0000.npy,Pop,Singer-Songwriter
on_0186.npy,on,on
down_0170.npy,down,down
four_0113.npy,four,four
four_0073.npy,four,four
down_0167.npy,down,down
061452_0001.npy,Hip-Hop,Hip-Hop
138579_0000.npy,Techno|House|Dance,Techno|House|Dance
119413_0000.npy,Avant-Garde|Experimental,Experimental|Minimalism
133452_0002.npy,Soundtrack|Instrumental,Soundtrack|Instrumental
013928_0002.npy,Folk,Folk|Singer-Songwriter
zero_0145.npy,zero,seven
057968_0000.npy,Punk|Electro-Punk|Industrial,Punk|Electro-Punk|Industrial
go_0195.npy,go,go
two_0049.npy,two,two
up_0216.npy,up,up
up_0025.npy,up,up
029742_0002.npy,Novelty|Kid-Friendly,Novelty|Kid-Friendly
yes_0151.npy,yes,yes
013749_0000.npy,Hip-Hop,Hip-Hop
zero_0222.npy,zero,zero
left_0013.npy,left,left
bird_0051.npy,bird,bird
108504_0000.npy,Punk|Post-Rock|Hardcore,Punk|Post-Rock|Hardcore
down_0174.npy,down,down
left_0159.npy,left,left
down_0011.npy,down,down
054019_0000.npy,Experimental,Experimental
126667_0001.npy,Rock|Indie-Rock,Rock|Indie-Rock
up_0168.npy,up,up
nine_0133.npy,nine,nine
eight_0084.npy,eight,eight
090529_0001.npy,Ambient|New Age|Instrumental,Ambient|New Age|Instrumental
house_0027.npy,house,house
yes_0177.npy,yes,yes
044823_0002.npy,International|Balkan|Romany (Gypsy),International|Balkan|Romany (Gypsy)
no_0090.npy,no,no
111387_0001.npy,Pop|Experimental Pop,Soundtrack
124425_0002.npy,Singer-Songwriter,Folk
143296_0001.npy,Soundtrack,Pop
093364_0001.npy,Electronic|Ambient Electronic|Chill-out,Soundtrack
075304_0001.npy,Freak-Folk,Experimental Pop
dog_0149.npy,dog,dog
sheila_0079.npy,sheila,sheila
083913_0002.npy,Avant-Garde|Experimental|Sound Poetry,Singer-Songwriter
025608_0001.npy,Reggae - Dub|Reggae - Dancehall,Reggae - Dub
nine_0088.npy,nine,nine
off_0201.npy,off,off
046079_0001.npy,Experimental,International
one_0198.npy,one,one
004080_0001.npy,Latin America,Pop
124477_0001.npy,Experimental Pop,Experimental Pop
seven_0015.npy,seven,seven
on_0085.npy,on,on
yes_0120.npy,yes,yes
032438_0001.npy,Chiptune|Chip Music,Chiptune|Chip Music
139991_0002.npy,Electronic|House|Drum & Bass,New Age
011783_0000.npy,Hip-Hop,Hip-Hop
six_0101.npy,six,six
stop_0209.npy,stop,stop
wow_0028.npy,wow,wow
015625_0001.npy,Field Recordings,Field Recordings
go_0030.npy,go,go
051954_0000.npy,Dubstep,Dubstep
go_0061.npy,go,go
129091_0001.npy,Rock|Surf,Rock|Surf
124391_0002.npy,Rock|Post-Rock|Progressive,Hardcore
040844_0002.npy,Electronic|Bigbeat,Electronic|Bigbeat
stop_0020.npy,stop,stop
138038_0001.npy,Pop,Pop
068582_0002.npy,Ambient Electronic,Ambient Electronic
bed_0153.npy,bed,bed
022474_0000.npy,Experimental Pop,Singer-Songwriter
093920_0001.npy,Ambient|Instrumental,Soundtrack
053300_0000.npy,Reggae - Dub,Reggae - Dub
five_0219.npy,five,five
one_0220.npy,one,one
091624_0001.npy,Chiptune|Chip Music,Electronic|Chiptune|Chip Music
up_0074.npy,up,up
121976_0000.npy,Experimental|Electroacoustic,Experimental
two_0198.npy,two,two
yes_0140.npy,yes,yes
003264_0001.npy,Folk,Folk
seven_0006.npy,seven,seven
no_0141.npy,no,no
074386_0001.npy,Holiday,Holiday
tree_0112.npy,tree,tree
083790_0001.npy,Death-Metal|Hardcore,Death-Metal|Hardcore
one_0223.npy,one,one
stop_0142.npy,stop,stop
house_0002.npy,house,house
three_0106.npy,three,three
dog_0019.npy,dog,dog
011861_0000.npy,Hip-Hop|Rap,Hip-Hop|Rap
house_0040.npy,house,house
eight_0018.npy,eight,eight
043899_0000.npy,Hip-Hop,Hip-Hop
014693_0002.npy,Folk|Singer-Songwriter,Latin
down_0004.npy,down,down
cat_0153.npy,cat,cat
011299_0001.npy,Hip-Hop,Reggae - Dub
046043_0001.npy,Avant-Garde|Experimental|Electroacoustic,Latin America
no_0177.npy,no,no
no_0016.npy,no,no
down_0223.npy,down,down
off_0066.npy,off,off
marvin_0126.npy,marvin,marvin
down_0121.npy,down,down
036560_0002.npy,Experimental Pop|Synth Pop,Experimental Pop|Synth Pop
up_0163.npy,up,up
120777_0002.npy,Soundtrack|Instrumental,Soundtrack|Instrumental
145464_0002.npy,Electronic|Techno,Hip-Hop
one_0125.npy,one,one
108970_0001.npy,Rock|Electro-Punk|Goth,Psych-Folk
145747_0001.npy,Hip-Hop,Hip-Hop
yes_0171.npy,yes,yes
125723_0002.npy,Synth Pop,Pop
045122_0002.npy,Experimental Pop|Synth Pop,Reggae - Dub
nine_0139.npy,nine,nine
four_0063.npy,four,four
zero_0229.npy,zero,zero
122671_0001.npy,New Age|Instrumental,Ambient
bed_0048.npy,bed,bird
right_0078.npy,right,right
on_0069.npy,on,on
yes_0210.npy,yes,yes
019422_0000.npy,Experimental Pop,Soundtrack|Instrumental
074546_0002.npy,Folk,Folk
left_0220.npy,left,left
058221_0000.npy,Rock,Rock
124391_0000.npy,Rock|Post-Rock|Progressive,Punk|Noise-Rock
four_0134.npy,four,four
145457_0001.npy,Instrumental,Instrumental
zero_0208.npy,zero,zero
nine_0175.npy,nine,nine
149775_0001.npy,Experimental,Soundtrack|Instrumental
off_0132.npy,off,off
stop_0230.npy,stop,stop
two_0042.npy,two,two
zero_0093.npy,zero,zero
right_0070.npy,right,right
111226_0000.npy,Soundtrack|Ambient,Soundtrack|Ambient
down_0154.npy,down,down
121652_0001.npy,Soundtrack|Ambient,Soundtrack|Ambient
011503_0002.npy,Folk,Folk
go_0023.npy,go,go
048269_0001.npy,Noise|Sound Collage,Folk
bed_0008.npy,bed,bed
085039_0001.npy,Dubstep,left
up_0114.npy,up,up
040243_0001.npy,Folk,Folk
131953_0000.npy,International|Balkan,International|Balkan
094423_0001.npy,Pop,Pop
044917_0000.npy,Psych-Rock|Garage,Garage|Surf
108836_0001.npy,Hip-Hop,Hip-Hop
098236_0000.npy,Ambient,Ambient
eight_0049.npy,eight,eight
left_0075.npy,left,left
073587_0000.npy,Folk,Folk
happy_0113.npy,happy,happy
three_0053.npy,three,three
092889_0001.npy,Avant-Garde|Experimental|Sound Collage,Avant-Garde|Experimental|Sound Collage
145464_0001.npy,Electronic|Techno,Electronic|Techno
nine_0228.npy,nine,nine
six_0190.npy,six,six
113701_0000.npy,Tango,Tango
087430_0001.npy,Post-Rock|Metal,Post-Rock|Metal
yes_0134.npy,yes,yes
120333_0000.npy,Instrumental,Instrumental
eight_0167.npy,eight,eight
two_0123.npy,two,two
115273_0000.npy,Balkan|Europe,Balkan|Europe
yes_0187.npy,yes,yes
114943_0002.npy,International|Middle East|Europe,International|Middle East|Europe
six_0125.npy,six,six
046159_0001.npy,Electronic,Electronic
130136_0002.npy,Glitch|Chill-out,Instrumental
038399_0001.npy,Folk,Folk
dog_0107.npy,dog,five
right_0041.npy,right,right
032331_0001.npy,Pop,Pop
sheila_0045.npy,sheila,sheila
086562_0000.npy,Psych-Rock|Indie-Rock,Psych-Rock|Indie-Rock
yes_0082.npy,yes,sheila
067361_0001.npy,Experimental Pop,Pop
080697_0000.npy,International|Balkan,International|Balkan
go_0012.npy,go,go
eight_0081.npy,eight,eight
off_0151.npy,off,off
022474_0002.npy,Experimental Pop,Folk
two_0025.npy,two,two
075762_0002.npy,Electronic|Skweee,Electronic|Skweee
one_0027.npy,one,one
136320_0002.npy,Electronic|House|Chill-out,Electronic|House|Chill-out
041605_0001.npy,Electroacoustic|Sound Collage,up
zero_0176.npy,zero,zero
four_0161.npy,four,four
099395_0002.npy,International|Europe,International|Europe
three_0078.npy,three,three
083960_0001.npy,Noise|Experimental,Noise|Experimental
066650_0002.npy,Pop,Experimental Pop
105827_0000.npy,Hip-Hop|Alternative Hip-Hop,Hip-Hop|Alternative Hip-Hop
two_0045.npy,two,two
104780_0001.npy,Experimental Pop,Singer-Songwriter
129444_0001.npy,Folk|Singer-Songwriter,Folk|Singer-Songwriter
no_0002.npy,no,no
six_0235.npy,six,six
four_0213.npy,four,four
054470_0001.npy,Reggae - Dub,Reggae - Dub
121987_0000.npy,Experimental|Electroacoustic,Experimental|Electroacoustic
five_0057.npy,five,five
right_0210.npy,right,right
house_0152.npy,house,house
nine_0004.npy,nine,nine
four_0225.npy,four,four
tree_0098.npy,tree,tree
go_0178.npy,go,go
073773_0001.npy,Europe,Reggae - Dub
cat_0025.npy,cat,cat
003265_0000.npy,Folk,Folk
left_0059.npy,left,left
067661_0002.npy,Indie-Rock|Space-Rock,Soundtrack|Ambient
bed_0149.npy,bed,bed
011867_0000.npy,Hip-Hop|Rap,Hip-Hop
happy_0133.npy,happy,happy
up_0016.npy,up,up
house_0132.npy,house,house
111401_0002.npy,Pop|Experimental Pop,Pop|Experimental Pop
tree_0119.npy,tree,tree
132786_0000.npy,Experimental Pop,Folk
129092_0002.npy,Rock|Surf,Rock|Surf
eight_0095.npy,eight,eight
054468_0000.npy,Reggae - Dub,Reggae - Dub
122456_0000.npy,Techno|House,House|Dance|Chill-out
left_0231.npy,left,left
129962_0000.npy,Rock|Indie-Rock,Rock|Indie-Rock
marvin_0168.npy,marvin,marvin
sheila_0127.npy,sheila,sheila
seven_0113.npy,seven,seven
right_0146.npy,right,right
071246_0000.npy,Hip-Hop|Alternative Hip-Hop,Hip-Hop|Alternative Hip-Hop
left_0174.npy,left,left
zero_0120.npy,zero,zero
two_0026.npy,two,two
047628_0002.npy,Psych-Folk,Psych-Folk
000892_0000.npy,Free-Folk,Free-Folk
off_0055.npy,off,off
down_0203.npy,down,down
114061_0000.npy,House|Chip Music|Dubstep,Electronic|Techno
seven_0213.npy,seven,seven
two_0225.npy,two,two
eight_0093.npy,eight,eight
141562_0001.npy,Hip-Hop|Alternative Hip-Hop,Hip-Hop|Rap
five_0164.npy,five,five
zero_0196.npy,zero,zero
on_0118.npy,on,on
129919_0001.npy,Rap,Rap
104277_0002.npy,Electronic|Chip Music|Dubstep,Electronic|Chip Music|Dubstep
bed_0130.npy,bed,bed
064988_0000.npy,Hip-Hop Beats,Techno|Dance
141287_0000.npy,Soundtrack|Ambient,Pop
three_0114.npy,three,three
012654_0001.npy,Experimental Pop,Experimental Pop
stop_0145.npy,stop,stop
stop_0157.npy,stop,stop
125809_0000.npy,Soundtrack|Instrumental,Avant-Garde|Field Recordings|Experimental|Sound Poetry|Musique Concrete
right_0181.npy,right,right
135043_0000.npy,Singer-Songwriter,Singer-Songwriter
wow_0099.npy,wow,wow
on_0221.npy,on,five
on_0150.npy,on,on
eight_0224.npy,eight,eight
048269_0000.npy,Noise|Sound Collage,Experimental
148606_0002.npy,Pop,Indie-Rock|Power-Pop
cat_0092.npy,cat,cat
048439_0001.npy,Electronic|Glitch|Dubstep,Electronic
stop_0134.npy,stop,stop
sheila_0056.npy,sheila,sheila
069833_0001.npy,Hip-Hop,Hip-Hop
wow_0008.npy,wow,wow
up_0095.npy,up,up
138210_0001.npy,Indie-Rock|Space-Rock|Shoegaze,Experimental
eight_0215.npy,eight,eight
wow_0046.npy,wow,wow
096759_0001.npy,Post-Punk,Pop
107432_0002.npy,Electronic|House|Chiptune,Electronic|House|Chiptune
bird_0009.npy,bird,bird
bed_0164.npy,bed,bed
011785_0001.npy,Hip-Hop,Hip-Hop
one_0061.npy,one,right
126557_0001.npy,Experimental|Electroacoustic,Experimental|Electroacoustic
eight_0017.npy,eight,eight
right_0183.npy,right,right
054570_0000.npy,Latin America,Latin America
five_0159.npy,five,five
marvin_0068.npy,marvin,marvin
zero_0225.npy,zero,zero
111933_0000.npy,Electronic|IDM|Dance,Electronic|IDM|Dance
eight_0000.npy,eight,eight
099363_0000.npy,International|Balkan,International|Balkan
happy_0112.npy,happy,happy
nine_0025.npy,nine,nine
043699_0000.npy,Middle East|Balkan|Europe,Middle East|Balkan|Europe
wow_0075.npy,wow,wow
064248_0000.npy,Avant-Garde|Experimental,Avant-Garde|Experimental
five_0179.npy,five,five
099438_0000.npy,Garage|Surf,Garage|Surf
one_0087.npy,one,one
off_0120.npy,off,on
five_0176.npy,five,five
140584_0002.npy,International|Afrobeat,International|Afrobeat
117473_0001.npy,Experimental Pop,Pop
cat_0163.npy,cat,cat
120333_0001.npy,Instrumental,Instrumental
up_0123.npy,up,up
124409_0000.npy,Noise|Experimental,Noise
no_0111.npy,no,no
off_0189.npy,off,off
four_0128.npy,four,four
029745_0000.npy,Novelty|Kid-Friendly,Pop
two_0132.npy,two,two
038911_0000.npy,Field Recordings|Unclassifiable,Field Recordings|Unclassifiable
down_0084.npy,down,dog
044169_0001.npy,Noise|Improv,Avant-Garde|Experimental|Unclassifiable
go_0215.npy,go,go
eight_0005.npy,eight,eight
111393_0001.npy,Pop|Experimental Pop,Pop|Experimental Pop
marvin_0053.npy,marvin,marvin
happy_0154.npy,happy,happy
three_0029.npy,three,three
064789_0000.npy,Experimental Pop,Experimental Pop
038326_0000.npy,Afrobeat,Afrobeat
126886_0001.npy,Soundtrack|Instrumental,Soundtrack|Instrumental
110084_0001.npy,Hip-Hop,Hip-Hop
right_0044.npy,right,right
068861_0001.npy,Folk,Folk
six_0181.npy,six,six
marvin_0137.npy,marvin,marvin
left_0134.npy,left,left
131446_0001.npy,Pop,Folk
149417_0002.npy,Rock|Punk|Rock Opera,Punk|Loud-Rock|Hardcore
stop_0064.npy,stop,stop
right_0096.npy,right,right
on_0117.npy,on,on
go_0143.npy,go,four
021403_0000.npy,Experimental Pop,Pop
eight_0193.npy,eight,eight
yes_0039.npy,yes,yes
dog_0053.npy,dog,dog
083790_0000.npy,Death-Metal|Hardcore,Hip-Hop|Rap
stop_0096.npy,stop,stop
stop_0102.npy,stop,stop
off_0194.npy,off,off
six_0165.npy,six,six
121869_0001.npy,Rock|Garage|Power-Pop,Rock|Garage|Power-Pop
047526_0002.npy,Garage|Power-Pop,Garage|Power-Pop
111389_0000.npy,Pop|Experimental Pop,Pop|Experimental Pop
080753_0000.npy,Balkan,Balkan
go_0224.npy,go,go
go_0176.npy,go,no
040139_0001.npy,Indie-Rock,Pop
one_0030.npy,one,one
five_0175.npy,five,five
030488_0001.npy,Pop,Pop
tree_0057.npy,tree,tree
047896_0000.npy,Pop,Pop
122910_0000.npy,Noise,Noise
125812_0000.npy,Soundtrack|Instrumental,Soundtrack|Instrumental
138023_0001.npy,Soundtrack,Soundtrack
marvin_0090.npy,marvin,marvin
123147_0000.npy,Hip-Hop|Rap,Hip-Hop
nine_0062.npy,nine,nine
on_0003.npy,on,on
109447_0001.npy,Folk|Singer-Songwriter,Folk|Singer-Songwriter
right_0127.npy,right,right
dog_0143.npy,dog,dog
on_0095.npy,on,on
111388_0000.npy,Pop|Experimental Pop,Pop|Experimental Pop
021860_0002.npy,Indie-Rock,Pop
048865_0000.npy,Experimental|Improv|Minimalism,Soundtrack
nine_0149.npy,nine,nine
wow_0167.npy,wow,wow
004072_0002.npy,Latin America,Latin America
nine_0136.npy,nine,nine
four_0221.npy,four,four
happy_0166.npy,happy,happy
no_0046.npy,no,no
marvin_0171.npy,marvin,marvin
five_0217.npy,five,five
no_0101.npy,no,no
116389_0002.npy,Hip-Hop Beats,Psych-Folk
nine_0231.npy,nine,nine
nine_0179.npy,nine,nine
113530_0002.npy,Post-Rock|Metal,Post-Rock|Metal
zero_0051.npy,zero,zero
stop_0215.npy,stop,stop
one_0128.npy,one,one
061742_0000.npy,Pop|Experimental Pop,Experimental Pop
tree_0039.npy,tree,tree
nine_0174.npy,nine,nine
happy_0136.npy,happy,happy
zero_0169.npy,zero,zero
075747_0000.npy,Hip-Hop|Rap,Hip-Hop
bed_0029.npy,bed,bed
two_0189.npy,two,two
011306_0001.npy,Rock|Psych-Rock|Indie-Rock,Rock|Psych-Rock|Indie-Rock
three_0152.npy,three,three
sheila_0085.npy,sheila,sheila
zero_0046.npy,zero,zero
one_0108.npy,one,one
011204_0000.npy,Hip-Hop,Hip-Hop
007528_0000.npy,Pop,Pop
116389_0000.npy,Hip-Hop Beats,Hip-Hop Beats
happy_0079.npy,happy,happy
051998_0000.npy,Reggae - Dub,Reggae - Dub
111226_0002.npy,Soundtrack|Ambient,Soundtrack|Ambient
059451_0000.npy,Experimental Pop|Synth Pop,Indie-Rock|Garage|New Wave
dog_0111.npy,dog,dog
072605_0002.npy,Folk,Folk
right_0207.npy,right,right
five_0066.npy,five,five
dog_0046.npy,dog,dog
six_0130.npy,six,six
on_0129.npy,on,on
022001_0000.npy,Experimental Pop,Experimental Pop
yes_0093.npy,yes,yes
027975_0000.npy,Asia-Far East,Asia-Far East
go_0026.npy,go,go
eight_0104.npy,eight,eight
go_0092.npy,go,go
107183_0001.npy,Reggae - Dub,Reggae - Dub
house_0078.npy,house,house
sheila_0077.npy,sheila,sheila
stop_0099.npy,stop,stop
115292_0002.npy,Instrumental,Pop
house_0046.npy,house,five
four_0085.npy,four,four
two_0053.npy,two,two
zero_0185.npy,zero,zero
up_0169.npy,up,up
go_0211.npy,go,go
house_0096.npy,house,house
105022_0001.npy,Noise|Experimental|Improv,Pop
126398_0000.npy,Experimental Pop,Pop
092549_0001.npy,Electronic|House|Dance,Electronic|House|Dance
no_0135.npy,no,no
055237_0000.npy,Reggae - Dub,Reggae - Dub
six_0090.npy,six,six
four_0015.npy,four,four
nine_0132.npy,nine,nine
cat_0049.npy,cat,cat
seven_0061.npy,seven,seven
left_0046.npy,left,left
down_0156.npy,down,down
happy_0173.npy,happy,left
off_0210.npy,off,off
down_0145.npy,down,down
152545_0000.npy,Hip-Hop|Alternative Hip-Hop,Hip-Hop|Alternative Hip-Hop
yes_0228.npy,yes,yes
051262_0002.npy,Pop,Pop
145646_0000.npy,Electronic|Dance,Post-Rock
yes_0095.npy,yes,yes
052501_0001.npy,Folk|Singer-Songwriter,Pop
wow_0081.npy,wow,wow
go_0068.npy,go,go
three_0014.npy,three,three
up_0206.npy,up,up
three_0182.npy,three,three
131979_0000.npy,Rock|Psych-Rock|Garage,Singer-Songwriter
marvin_0017.npy,marvin,marvin
124177_0002.npy,Soundtrack,Soundtrack
up_0028.npy,up,up
left_0211.npy,left,left
zero_0037.npy,zero,zero
three_0124.npy,three,three
no_0236.npy,no,no
097847_0002.npy,Drum & Bass|Jungle,Drum & Bass|Jungle
128879_0000.npy,Holiday|Christmas,Instrumental
sheila_0126.npy,sheila,sheila
down_0196.npy,down,down
one_0207.npy,one,one
135338_0002.npy,Pop,Hip-Hop
015542_0001.npy,Audio Collage,Audio Collage
up_0178.npy,up,up
074389_0001.npy,Holiday,Folk|Singer-Songwriter
dog_0118.npy,dog,dog
nine_0015.npy,nine,nine
six_0056.npy,six,six
zero_0131.npy,zero,zero
003776_0000.npy,Latin America|Polka,Latin America|Polka
six_0094.npy,six,six
happy_0034.npy,happy,happy
024363_0000.npy,Latin America,Psych-Folk
two_0016.npy,two,two
three_0221.npy,three,four
off_0122.npy,off,off
068854_0002.npy,Folk,Folk
071506_0000.npy,Electronic|Chiptune|Chip Music,Electronic|Chiptune|Chip Music
135337_0000.npy,Pop,Pop
off_0161.npy,off,off
eight_0164.npy,eight,eight
056650_0000.npy,Surf,Experimental Pop
033465_0000.npy,Indie-Rock,Indie-Rock
stop_0031.npy,stop,stop
yes_0127.npy,yes,yes
130991_0002.npy,Soundtrack|Instrumental,Soundtrack|Instrumental
sheila_0164.npy,sheila,sheila
left_0121.npy,left,left
down_0126.npy,down,down
085488_0001.npy,Folk|Singer-Songwriter,Folk|Singer-Songwriter
097548_0001.npy,Techno|Dance,Hip-Hop
yes_0020.npy,yes,yes
no_0179.npy,no,no
right_0050.npy,right,right
143296_0002.npy,Soundtrack,Pop
up_0061.npy,up,up
seven_0053.npy,seven,seven
130758_0000.npy,Psych-Folk|Free-Folk,Psych-Folk|Free-Folk
left_0139.npy,left,left
133770_0002.npy,Noise,Noise
one_0006.npy,one,one
zero_0191.npy,zero,zero
no_0215.npy,no,no
no_0110.npy,no,no
up_0030.npy,up,up
091092_0001.npy,Rock|Punk|Garage,Rock|Punk|Garage
000825_0000.npy,Rock|Loud-Rock|Psych-Rock|Indie-Rock,Rock|Loud-Rock|Psych-Rock|Indie-Rock
no_0059.npy,no,go
right_0180.npy,right,right
go_0096.npy,go,go
092275_0001.npy,Electronic|Trip-Hop,Hip-Hop
015464_0002.npy,Audio Collage,Noise|Experimental
zero_0193.npy,zero,zero
111394_0001.npy,Pop|Experimental Pop,Pop
062194_0001.npy,Afrobeat|African,Afrobeat|African
022475_0002.npy,Experimental Pop,Experimental Pop
up_0051.npy,up,up
131796_0001.npy,New Age|Instrumental,New Age|Instrumental
on_0038.npy,on,on
nine_0047.npy,nine,nine
050752_0001.npy,Metal,Metal
007554_0002.npy,Avant-Garde|Experimental,Avant-Garde|Experimental
on_0234.npy,on,on
056521_0001.npy,Singer-Songwriter,Folk
130265_0000.npy,Synth Pop,Soundtrack|Instrumental
011785_0002.npy,Hip-Hop,Hip-Hop
003776_0002.npy,Latin America|Polka,Pop
091622_0000.npy,Chiptune|Chip Music,Chiptune|Chip Music
go_0105.npy,go,go
132455_0000.npy,Singer-Songwriter,Singer-Songwriter
no_0206.npy,no,no
nine_0230.npy,nine,nine
133978_0001.npy,Soundtrack|Instrumental,Reggae - Dub
marvin_0110.npy,marvin,marvin
seven_0208.npy,seven,seven
two_0119.npy,two,two
six_0196.npy,six,six
stop_0057.npy,stop,stop
044354_0001.npy,Avant-Garde|Experimental|Electroacoustic,Avant-Garde|Experimental|Electroacoustic
off_0033.npy,off,off
sheila_0030.npy,sheila,sheila
069788_0000.npy,Experimental|Electroacoustic,Soundtrack|Ambient
stop_0026.npy,stop,stop
one_0079.npy,one,one
marvin_0167.npy,marvin,marvin
five_0003.npy,five,five
069194_0001.npy,House|Dance|Chill-out,Pop
126410_0002.npy,Soundtrack|Instrumental,Soundtrack|Instrumental
088864_0000.npy,Folk,Pop
124917_0002.npy,Ambient Electronic|Drum & Bass|Bigbeat,Ambient Electronic|Drum & Bass|Bigbeat
off_0114.npy,off,off
126585_0001.npy,New Age|Instrumental,New Age|Instrumental
left_0128.npy,left,left
074706_0000.npy,Indie-Rock|Garage|New Wave,Pop
091182_0001.npy,Celtic,Celtic
098237_0000.npy,Ambient,Drone
zero_0199.npy,zero,zero
040244_0001.npy,Folk,Folk
no_0123.npy,no,zero
stop_0109.npy,stop,stop
up_0117.npy,up,up
bed_0108.npy,bed,bed
080755_0001.npy,Balkan,Balkan
nine_0028.npy,nine,nine
056460_0000.npy,Experimental Pop|Synth Pop,Experimental Pop|Synth Pop
stop_0132.npy,stop,stop
148611_0000.npy,Pop,Indie-Rock
four_0226.npy,four,four
one_0007.npy,one,one
up_0035.npy,up,up
054019_0001.npy,Experimental,Experimental
eight_0076.npy,eight,eight
023037_0000.npy,Rock,Rock|Power-Pop
go_0146.npy,go,go
sheila_0026.npy,sheila,sheila
bird_0110.npy,bird,bird
146968_0000.npy,Folk|Singer-Songwriter,Folk|Singer-Songwriter
zero_0069.npy,zero,zero
013768_0000.npy,Hip-Hop,Hip-Hop
052646_0002.npy,Electronic|Techno,Electronic|Techno
032525_0002.npy,Experimental Pop,Pop
on_0058.npy,on,on
nine_0097.npy,nine,nine
five_0191.npy,five,five
000256_0001.npy,Metal,Metal
seven_0161.npy,seven,seven
one_0126.npy,one,one
left_0082.npy,left,left
sheila_0019.npy,sheila,sheila
049030_0002.npy,Folk|Singer-Songwriter,Folk|Singer-Songwriter
on_0062.npy,on,on
150064_0000.npy,Folk|Singer-Songwriter,Folk
029752_0000.npy,Novelty|Kid-Friendly,Novelty|Kid-Friendly
092953_0001.npy,Soundtrack|Ambient,Soundtrack|Ambient
go_0210.npy,go,go
right_0084.npy,right,right
right_0082.npy,right,right
two_0084.npy,two,two
030522_0001.npy,Chiptune|Dance|Chip Music,House|Dance|Chill-out
030522_0000.npy,Chiptune|Dance|Chip Music,Chiptune|Chip Music
four_0150.npy,four,four
on_0013.npy,on,on
right_0161.npy,right,right
nine_0232.npy,nine,nine
003535_0000.npy,Experimental Pop,Psych-Folk
120319_0000.npy,Instrumental,Instrumental
right_0160.npy,right,right
056797_0002.npy,Electronic,Electronic
038817_0000.npy,Celtic,Celtic
house_0167.npy,house,house
139994_0000.npy,Electronic|House|Drum & Bass,Pop
115771_0001.npy,Soundtrack,Soundtrack
053496_0000.npy,Dubstep,Dubstep
018350_0000.npy,Singer-Songwriter,Soundtrack
tree_0081.npy,tree,tree
002097_0000.npy,Folk,Pop
110630_0001.npy,Experimental|Minimalism,Experimental|Minimalism
cat_0018.npy,cat,cat
five_0082.npy,five,five
happy_0046.npy,happy,happy
048494_0000.npy,International|Balkan,Balkan
076076_0000.npy,International|Europe,International|Europe
047199_0002.npy,Experimental,Avant-Garde|Experimental
bird_0133.npy,bird,bird
120330_0000.npy,Instrumental,Instrumental
five_0193.npy,five,five
048269_0002.npy,Noise|Sound Collage,Avant-Garde|Experimental
go_0086.npy,go,go
two_0184.npy,two,two
149417_0000.npy,Rock|Punk|Rock Opera,Rock|Punk|Rock Opera
127207_0002.npy,New Age,New Age
053807_0000.npy,Punk|Post-Punk|Shoegaze,Pop
seven_0194.npy,seven,seven
053807_0001.npy,Punk|Post-Punk|Shoegaze,Pop
yes_0174.npy,yes,yes
seven_0004.npy,seven,seven
down_0155.npy,down,down
011234_0000.npy,Avant-Garde|Noise|Experimental,Noise|Experimental
144469_0001.npy,Singer-Songwriter,Soundtrack
seven_0179.npy,seven,seven
left_0083.npy,left,left
left_0017.npy,left,left
122625_0000.npy,Soundtrack|Instrumental,Soundtrack|Instrumental
139774_0002.npy,Soundtrack|Instrumental,Soundtrack|Instrumental
wow_0048.npy,wow,wow
098228_0001.npy,Chiptune|Chip Music,Electronic|Chiptune|Chip Music
117628_0001.npy,Singer-Songwriter,Instrumental
013218_0001.npy,Pop,Pop
036257_0000.npy,Ambient Electronic|Trip-Hop|Chill-out,Ambient Electronic|Trip-Hop|Chill-out
five_0125.npy,five,five
116759_0001.npy,Soundtrack|Instrumental,Soundtrack|Instrumental
four_0151.npy,four,four
dog_0055.npy,dog,dog
go_0216.npy,go,four
092292_0001.npy,Folk|Singer-Songwriter,Singer-Songwriter
cat_0008.npy,cat,cat
on_0195.npy,on,on
house_0004.npy,house,house
044853_0001.npy,Field Recordings|Minimalism,Ambient Electronic|Dubstep
down_0077.npy,down,down
nine_0072.npy,nine,nine
sheila_0100.npy,sheila,sheila
sheila_0141.npy,sheila,sheila
073372_0002.npy,Electronic|Ambient Electronic|Downtempo,Electronic|Ambient Electronic|Downtempo
sheila_0172.npy,sheila,sheila
cat_0149.npy,cat,cat
113530_0000.npy,Post-Rock|Metal,Noise|Improv
010696_0002.npy,Hip-Hop,Hip-Hop
091900_0001.npy,Experimental|Electroacoustic,Experimental|Electroacoustic
114290_0001.npy,Techno|House|Dance,Techno|House|Dance
133333_0001.npy,Avant-Garde|Field Recordings|Experimental|Electroacoustic|Musique Concrete,Avant-Garde|Field Recordings|Experimental|Electroacoustic|Musique Concrete
right_0223.npy,right,right
house_0053.npy,house,house
on_0165.npy,on,on
115891_0000.npy,Soundtrack|Instrumental,Soundtrack|Instrumental
left_0170.npy,left,left
142093_0000.npy,Hip-Hop,Hip-Hop
one_0118.npy,one,one
one_0111.npy,one,one
eight_0037.npy,eight,eight
right_0097.npy,right,right
148441_0001.npy,Electronic|Techno|Drum & Bass,Electronic
left_0073.npy,left,left
down_0062.npy,down,down
stop_0034.npy,stop,stop
139862_0000.npy,Experimental,Hip-Hop
seven_0026.npy,seven,seven
014318_0000.npy,Balkan,Balkan
left_0087.npy,left,left
118070_0000.npy,Electronic|House|IDM,Electronic|House|IDM
118735_0001.npy,Folk,Celtic
marvin_0052.npy,marvin,marvin
024747_0001.npy,Europe|Romany (Gypsy),Europe|Romany (Gypsy)
065777_0001.npy,Dubstep,Dubstep
073363_0000.npy,Electronic|Ambient Electronic|Downtempo,Hip-Hop
sheila_0089.npy,sheila,sheila
114940_0002.npy,International|Middle East|Europe,International|Middle East|Europe
down_0228.npy,down,down
off_0092.npy,off,off
110983_0000.npy,Post-Rock|Progressive,Indie-Rock|Space-Rock|Shoegaze
no_0103.npy,no,no
house_0133.npy,house,house
marvin_0023.npy,marvin,marvin
090530_0000.npy,Ambient|New Age|Instrumental,New Age|Instrumental
116704_0000.npy,Folk,Folk
eight_0069.npy,eight,eight
off_0070.npy,off,off
000210_0002.npy,Folk,Folk
110756_0001.npy,Hip-Hop,Hip-Hop
015625_0000.npy,Field Recordings,Field Recordings
073344_0000.npy,Electronic|Dance,Electronic|Dance
nine_0190.npy,nine,down
zero_0182.npy,zero,zero
bird_0167.npy,bird,bird
038829_0001.npy,Celtic,Celtic
048046_0000.npy,Unclassifiable,Unclassifiable
one_0200.npy,one,one
nine_0166.npy,nine,nine
three_0179.npy,three,three
093917_0001.npy,Ambient|Instrumental,Ambient|Instrumental
three_0111.npy,three,three
073363_0002.npy,Electronic|Ambient Electronic|Downtempo,Hip-Hop
right_0235.npy,right,right
149953_0001.npy,Hip-Hop,Hip-Hop
037141_0001.npy,Soundtrack,Folk
on_0006.npy,on,on
058474_0000.npy,Pop,Avant-Garde|Experimental
no_0038.npy,no,no
126512_0001.npy,Avant-Garde|Experimental|Unclassifiable,Avant-Garde|Experimental|Unclassifiable
084743_0000.npy,Punk|Metal|Loud-Rock,Punk|Metal|Loud-Rock
three_0196.npy,three,three
092540_0002.npy,Folk|Singer-Songwriter,Folk|Singer-Songwriter
091130_0000.npy,Avant-Garde|Experimental|Electroacoustic|Improv,Avant-Garde|Experimental
seven_0112.npy,seven,seven
yes_0195.npy,yes,yes
040243_0000.npy,Folk,Soundtrack|Instrumental
033415_0000.npy,Latin America,Latin America
no_0227.npy,no,no
030487_0000.npy,Pop,Pop
four_0087.npy,four,four
wow_0058.npy,wow,wow
138053_0001.npy,Electro-Punk,Soundtrack|Instrumental
115932_0001.npy,Folk,Folk
six_0033.npy,six,six
118986_0000.npy,Sound Collage,Sound Collage
right_0232.npy,right,right
down_0186.npy,down,down
cat_0064.npy,cat,cat
119582_0002.npy,Audio Collage|Experimental,Audio Collage|Experimental
121321_0000.npy,Alternative Hip-Hop|Rap|Hip-Hop Beats,Hip-Hop|Rap|Hip-Hop
069206_0001.npy,House|Dance|Chill-out,House|Dance|Chill-out
130136_0001.npy,Glitch|Chill-out,Glitch|Chill-out
126400_0002.npy,Experimental Pop,Folk
yes_0200.npy,yes,yes
129094_0000.npy,Rock|Surf,Rock|Surf
029255_0002.npy,Experimental Pop,Experimental Pop
080776_0001.npy,International|Romany (Gypsy)|Turkish,International|Romany (Gypsy)|Turkish
three_0063.npy,three,three
wow_0001.npy,wow,wow
048367_0001.npy,Metal,Ambient
010389_0001.npy,Folk,Folk
bird_0087.npy,bird,bird
081623_0001.npy,Soundtrack,Soundtrack
seven_0220.npy,seven,seven
043768_0001.npy,Balkan,Balkan
three_0012.npy,three,three
bed_0079.npy,bed,bed
141303_0001.npy,Soundtrack|Ambient,Hip-Hop|Alternative Hip-Hop
four_0224.npy,four,four
071516_0000.npy,Electronic|Chiptune|Chip Music,Electronic|Chiptune|Chip Music
yes_0119.npy,yes,yes
happy_0167.npy,happy,happy
off_0081.npy,off,off
house_0131.npy,house,house
house_0112.npy,house,house
137168_0001.npy,New Age,New Age
four_0052.npy,four,four
107955_0000.npy,Latin,Pop
044853_0000.npy,Field Recordings|Minimalism,Ambient
four_0137.npy,four,four
stop_0149.npy,stop,stop
three_0147.npy,three,three
marvin_0118.npy,marvin,marvin
145041_0000.npy,House|Dance,House
right_0159.npy,right,right
on_0164.npy,on,on
happy_0168.npy,happy,happy
010443_0001.npy,Folk,Folk
111747_0001.npy,Rock|Indie-Rock|Post-Punk,Experimental Pop
tree_0129.npy,tree,tree
001706_0000.npy,Rock,Experimental Pop
on_0170.npy,on,on
107909_0002.npy,Electronic|Ambient Electronic|Chill-out,Soundtrack
happy_0011.npy,happy,happy
go_0103.npy,go,go
057662_0000.npy,Indie-Rock|Garage|Power-Pop,Pop
four_0022.npy,four,four
seven_0087.npy,seven,seven
073372_0001.npy,Electronic|Ambient Electronic|Downtempo,Electronic|Ambient Electronic|Downtempo
024427_0001.npy,Hip-Hop,Hip-Hop
yes_0036.npy,yes,yes
nine_0164.npy,nine,nine
059683_0001.npy,International|Balkan|Flamenco,International|Middle East
bed_0052.npy,bed,bed
146481_0000.npy,Rock|Indie-Rock|Garage,Pop
three_0194.npy,three,three
seven_0132.npy,seven,seven
053576_0001.npy,Singer-Songwriter,Singer-Songwriter
130347_0000.npy,Folk,Folk
105673_0000.npy,Electronic|Trip-Hop|Chill-out,Electronic|Trip-Hop|Chill-out
097424_0001.npy,Chiptune|Chip Music,Chiptune|Chip Music
go_0189.npy,go,go
052861_0000.npy,Experimental|Drone|Minimalism,Experimental|Drone|Minimalism
126743_0001.npy,Folk|Singer-Songwriter,Folk|Singer-Songwriter
041018_0000.npy,Reggae - Dub|Reggae - Dancehall,Reggae - Dub|Reggae - Dancehall
zero_0125.npy,zero,zero
left_0126.npy,left,left
three_0020.npy,three,three
eight_0117.npy,eight,eight
043886_0000.npy,Noise|Experimental,Noise|Experimental
132961_0001.npy,Hip-Hop|Rap,Hip-Hop|Rap
sheila_0064.npy,sheila,sheila
042789_0000.npy,Psych-Rock,Psych-Rock
stop_0085.npy,stop,stop
zero_0040.npy,zero,zero
064334_0001.npy,Electronic|House|Dance,Electronic|House|Dance
042119_0001.npy,Novelty,Novelty
seven_0088.npy,seven,seven
010684_0001.npy,Folk,Folk
five_0038.npy,five,five
050753_0001.npy,Metal,International
left_0014.npy,left,left
120309_0001.npy,Instrumental,Instrumental
026653_0000.npy,House,House
024901_0002.npy,Field Recordings,Field Recordings
five_0178.npy,five,five
go_0102.npy,go,go
040139_0000.npy,Indie-Rock,Pop
on_0055.npy,on,on
139994_0001.npy,Electronic|House|Drum & Bass,Pop
yes_0179.npy,yes,yes
101119_0000.npy,Reggae - Dub|Cumbia,Reggae - Dub|Cumbia
bird_0112.npy,bird,bed
sheila_0121.npy,sheila,sheila
right_0090.npy,right,right
047100_0001.npy,Experimental Pop,Latin America
044820_0001.npy,International|Balkan|Romany (Gypsy),International|Balkan|Romany (Gypsy)
tree_0080.npy,tree,tree
three_0055.npy,three,three
tree_0024.npy,tree,tree
098578_0001.npy,Hip-Hop|Rap,Hip-Hop|Rap
yes_0026.npy,yes,yes
062188_0000.npy,Afrobeat|African,Kid-Friendly
yes_0004.npy,yes,yes
079575_0000.npy,Rock|Garage|Power-Pop,Power-Pop
sheila_0109.npy,sheila,sheila
eight_0137.npy,eight,eight
023037_0001.npy,Rock,Lo-Fi|Garage|Surf
two_0092.npy,two,two
two_0112.npy,two,two
five_0010.npy,five,five
two_0234.npy,two,two
six_0005.npy,six,six
right_0020.npy,right,right
067361_0000.npy,Experimental Pop,Pop
108494_0001.npy,Hip-Hop|Rap,Hip-Hop|Rap
dog_0105.npy,dog,dog
148606_0000.npy,Pop,Pop
six_0046.npy,six,six
087158_0000.npy,Electronic|Techno|Dubstep,Post-Rock
137632_0002.npy,Noise-Rock|Death-Metal|Hardcore|Black-Metal,Noise-Rock|Death-Metal|Hardcore|Black-Metal
stop_0004.npy,stop,stop
cat_0126.npy,cat,cat
013749_0002.npy,Hip-Hop,Hip-Hop
five_0102.npy,five,on
112767_0001.npy,Jungle,Synth Pop
002099_0000.npy,Experimental Pop,Experimental Pop
070873_0001.npy,Experimental Pop,Experimental Pop
131914_0000.npy,Soundtrack|Ambient|Instrumental,Soundtrack|Ambient|Instrumental
six_0072.npy,six,six
off_0191.npy,off,off
five_0007.npy,five,five
up_0181.npy,up,up
off_0141.npy,off,off
bed_0035.npy,bed,bed
139775_0002.npy,Soundtrack|Instrumental,Soundtrack|Instrumental
seven_0229.npy,seven,seven
down_0197.npy,down,down
nine_0193.npy,nine,nine
126720_0000.npy,Soundtrack|Instrumental,Soundtrack|Instrumental
068843_0001.npy,Folk,Folk
079616_0000.npy,Hip-Hop,Hip-Hop
go_0204.npy,go,go
003535_0001.npy,Experimental Pop,Folk
wow_0035.npy,wow,wow
six_0022.npy,six,six
105022_0000.npy,Noise|Experimental|Improv,sheila
028484_0001.npy,Pop|Experimental Pop|Synth Pop,Pop|Experimental Pop|Synth Pop
go_0033.npy,go,go
six_0069.npy,six,six
026301_0001.npy,Experimental,Hip-Hop
136137_0000.npy,Folk|Psych-Folk,Folk|Psych-Folk
029745_0001.npy,Novelty|Kid-Friendly,Hip-Hop
six_0153.npy,six,six
066187_0000.npy,Folk|Singer-Songwriter,Folk|Singer-Songwriter
043767_0002.npy,Balkan,Balkan
011262_0000.npy,Electronic,Electronic|Minimal Electronic
099392_0000.npy,International|Europe,International|Europe
078841_0000.npy,Hip-Hop|Nerdcore|Alternative Hip-Hop,Hip-Hop|Nerdcore|Alternative Hip-Hop
074391_0002.npy,Holiday,Pop
eight_0010.npy,eight,eight
148212_0001.npy,Psych-Folk|Singer-Songwriter,Psych-Folk|Singer-Songwriter
080003_0001.npy,Folk|Singer-Songwriter,Folk
071247_0000.npy,Hip-Hop|Alternative Hip-Hop,Hip-Hop|Alternative Hip-Hop
left_0232.npy,left,left
108501_0000.npy,Hip-Hop|Rap,Hip-Hop|Rap
four_0174.npy,four,four
bird_0138.npy,bird,bird
zero_0105.npy,zero,zero
097407_0001.npy,Avant-Garde|Experimental|Unclassifiable|Improv|Sound Art,Psych-Folk|Freak-Folk
057822_0000.npy,Hip-Hop Beats,Noise|Experimental
141289_0000.npy,Soundtrack|Ambient,Soundtrack|Ambient
133560_0000.npy,Soundtrack|Ambient|Instrumental,Noise|Experimental
122355_0002.npy,Singer-Songwriter,Singer-Songwriter
house_0043.npy,house,house
098026_0000.npy,International|Balkan,International|Balkan
zero_0010.npy,zero,zero
089376_0000.npy,Avant-Garde|Experimental|Improv,Soundtrack
zero_0152.npy,zero,zero
five_0092.npy,five,five
down_0106.npy,down,down
go_0112.npy,go,go
bed_0167.npy,bed,bed
055709_0001.npy,Post-Rock,Electronic
050272_0000.npy,Synth Pop,Synth Pop
006463_0002.npy,Folk,Folk
nine_0201.npy,nine,nine
085823_0002.npy,Electronic|Drum & Bass|Jungle,Electronic|Drum & Bass|Jungle
052127_0001.npy,Latin America,Latin America
085347_0000.npy,Electronic|Chiptune|Chip Music,Electronic|Chiptune|Chip Music
go_0132.npy,go,no
marvin_0076.npy,marvin,marvin
117628_0002.npy,Singer-Songwriter,Experimental Pop
seven_0038.npy,seven,seven
stop_0178.npy,stop,stop
013191_0001.npy,Pop,Improv
one_0213.npy,one,one
046720_0000.npy,Experimental,Experimental
cat_0171.npy,cat,cat
131020_0000.npy,Hip-Hop,Experimental
stop_0193.npy,stop,stop
051112_0001.npy,Avant-Garde|Experimental,Avant-Garde|Experimental
122364_0002.npy,Singer-Songwriter,Singer-Songwriter
120305_0001.npy,Instrumental,Instrumental
bird_0002.npy,bird,bird
139491_0000.npy,Ambient,Ambient
111399_0000.npy,Pop|Experimental Pop,down
113972_0001.npy,Downtempo,Downtempo
108884_0000.npy,Soundtrack|Instrumental,Ambient
wow_0092.npy,wow,wow
yes_0016.npy,yes,yes
off_0094.npy,off,off
down_0102.npy,down,down
115591_0002.npy,Electroacoustic,Soundtrack
021402_0000.npy,Experimental Pop,Experimental
bird_0069.npy,bird,bird
081999_0001.npy,Soundtrack,Soundtrack
yes_0229.npy,yes,yes
bed_0087.npy,bed,bed
126512_0002.npy,Avant-Garde|Experimental|Unclassifiable,Avant-Garde|Experimental|Unclassifiable
sheila_0131.npy,sheila,sheila
six_0084.npy,six,six
148217_0002.npy,Psych-Folk|Singer-Songwriter,Psych-Folk|Singer-Songwriter
two_0091.npy,two,two
004239_0000.npy,African|Middle East,African|Middle East
one_0037.npy,one,one
131792_0000.npy,New Age|Instrumental,New Age|Instrumental
six_0102.npy,six,six
bird_0006.npy,bird,bird
no_0079.npy,no,no
114265_0001.npy,Hip-Hop Beats,Hip-Hop Beats
stop_0093.npy,stop,stop
144942_0000.npy,Pop,Pop
nine_0108.npy,nine,nine
bird_0158.npy,bird,bird
033069_0001.npy,International|Latin America|Cumbia,International|Latin America|Cumbia
eight_0048.npy,eight,eight
two_0155.npy,two,two
108866_0002.npy,Balkan,Balkan
127296_0000.npy,Pop,Singer-Songwriter
075194_0002.npy,Pop,Pop
house_0127.npy,house,house
stop_0074.npy,stop,stop
126883_0001.npy,Soundtrack|Instrumental,Soundtrack|Instrumental
014577_0000.npy,Soundtrack|Instrumental,Soundtrack|Instrumental
tree_0026.npy,tree,tree
068852_0001.npy,Folk,International|Europe
bird_0127.npy,bird,bird
081071_0000.npy,Avant-Garde|Experimental,Avant-Garde|Experimental
tree_0105.npy,tree,tree
012146_0002.npy,Pop,Pop
up_0203.npy,up,up
yes_0076.npy,yes,yes
nine_0040.npy,nine,nine
cat_0086.npy,cat,cat
122671_0000.npy,New Age|Instrumental,Ambient Electronic
nine_0211.npy,nine,nine
107126_0000.npy,Trip-Hop|Dubstep,Experimental Pop
149078_0000.npy,Experimental Pop,Experimental Pop
114541_0000.npy,Soundtrack|Instrumental,Soundtrack|Instrumental
bed_0005.npy,bed,bed
up_0135.npy,up,up
089484_0002.npy,Folk,Folk
038820_0001.npy,Celtic,Celtic
no_0023.npy,no,no
marvin_0067.npy,marvin,marvin
063191_0002.npy,Rock,Rock
happy_0022.npy,happy,happy
069785_0001.npy,Experimental|Electroacoustic,Experimental|Electroacoustic
121738_0001.npy,Pop,Pop
off_0200.npy,off,off
110630_0000.npy,Experimental|Minimalism,Experimental|Minimalism
right_0168.npy,right,right
033049_0001.npy,Folk|Singer-Songwriter,Folk|Singer-Songwriter
off_0058.npy,off,off
046720_0001.npy,Experimental,Experimental
059708_0001.npy,International,International
130945_0001.npy,Folk,Folk|Singer-Songwriter
happy_0045.npy,happy,happy
110109_0001.npy,Electronic|Chiptune|Chip Music,Electronic|Chiptune|Chip Music
six_0158.npy,six,six
084605_0001.npy,Synth Pop,Synth Pop
six_0116.npy,six,six
111306_0001.npy,Noise-Rock|Psych-Rock,Experimental Pop
three_0138.npy,three,three
stop_0236.npy,stop,stop
go_0054.npy,go,go
up_0147.npy,up,up
110105_0000.npy,Electronic|Chiptune|Chip Music,Electronic|Chiptune|Chip Music
097544_0000.npy,Electronic|Ambient Electronic|Chill-out,Electronic|Ambient Electronic|Chill-out
right_0166.npy,right,right
144936_0000.npy,Pop,Pop
marvin_0124.npy,marvin,marvin
132561_0001.npy,Soundtrack,Soundtrack
110438_0000.npy,Folk,Folk|Singer-Songwriter
four_0060.npy,four,four
up_0039.npy,up,up
cat_0145.npy,cat,cat
126400_0001.npy,Experimental Pop,Folk|Singer-Songwriter
115765_0001.npy,Metal,Metal
066650_0001.npy,Pop,Experimental Pop
121998_0001.npy,Experimental|Electroacoustic,Avant-Garde|Experimental|Unclassifiable
left_0066.npy,left,left
124179_0001.npy,Soundtrack,Folk
094419_0001.npy,Rock|Indie-Rock,Rock|Indie-Rock
071133_0002.npy,Psych-Folk,Psych-Folk
cat_0028.npy,cat,cat
six_0233.npy,six,six
house_0105.npy,house,house
145058_0000.npy,Noise|Experimental|Unclassifiable,Noise|Experimental|Unclassifiable
tree_0093.npy,tree,tree
one_0075.npy,one,one
104724_0000.npy,Avant-Garde|Experimental|Improv,Avant-Garde|Experimental
one_0100.npy,one,one
078849_0000.npy,Hip-Hop|Nerdcore|Alternative Hip-Hop,Ambient Electronic|Dubstep
142433_0000.npy,Soundtrack|Ambient|Instrumental,Soundtrack|Ambient|Instrumental
one_0159.npy,one,one
tree_0135.npy,tree,tree
132453_0000.npy,Singer-Songwriter,Pop
022475_0001.npy,Experimental Pop,Hip-Hop
on_0126.npy,on,on
right_0062.npy,right,right
three_0050.npy,three,three
122399_0001.npy,Rock|Garage|Surf,Rock|Garage|Surf
014584_0001.npy,Soundtrack|Instrumental,Psych-Folk|Freak-Folk
074546_0000.npy,Folk,Folk
six_0234.npy,six,six
on_0051.npy,on,on
up_0161.npy,up,up
144466_0001.npy,Singer-Songwriter,Soundtrack|Ambient
go_0060.npy,go,go
049401_0000.npy,Experimental|Unclassifiable,Experimental|Unclassifiable
left_0194.npy,left,left
on_0216.npy,on,on
off_0129.npy,off,stop
001069_0000.npy,Audio Collage,Experimental Pop
132140_0001.npy,Balkan,Balkan
cat_0106.npy,cat,cat
one_0000.npy,one,one
123333_0000.npy,Noise|Experimental|Drone,off
wow_0158.npy,wow,wow
down_0150.npy,down,down
seven_0163.npy,seven,seven
two_0200.npy,two,two
left_0172.npy,left,left
five_0093.npy,five,five
053591_0002.npy,Experimental Pop,Hip-Hop
six_0078.npy,six,six
017608_0000.npy,Asia-Far East,Celtic
seven_0103.npy,seven,seven
tree_0078.npy,tree,tree
three_0204.npy,three,tree
025796_0001.npy,Reggae - Dub,Avant-Garde|Experimental
left_0021.npy,left,left
097894_0001.npy,Indie-Rock|Post-Punk,Indie-Rock|Post-Punk
113971_0001.npy,Downtempo,Hip-Hop
left_0081.npy,left,left
111389_0002.npy,Pop|Experimental Pop,Ambient Electronic|Chill-out
115699_0001.npy,Techno|House,Reggae - Dub
zero_0207.npy,zero,zero
eight_0085.npy,eight,eight
108846_0000.npy,Hip-Hop,Hip-Hop
119095_0001.npy,Experimental,Experimental
006394_0001.npy,International|Balkan,International|Middle East|Balkan
071885_0001.npy,Drone,Drone
tree_0107.npy,tree,tree
117666_0001.npy,International|Reggae - Dancehall,International|Reggae - Dancehall
090530_0001.npy,Ambient|New Age|Instrumental,New Age|Instrumental
109971_0000.npy,Experimental Pop|Synth Pop,Pop
140788_0000.npy,Psych-Folk|Freak-Folk,Folk
033465_0002.npy,Indie-Rock,Indie-Rock
080519_0000.npy,Instrumental,Rock|Psych-Rock|Garage
seven_0084.npy,seven,seven
no_0040.npy,no,no
030740_0002.npy,Avant-Garde,Instrumental
dog_0167.npy,dog,dog
eight_0083.npy,eight,eight
on_0163.npy,on,on
126234_0001.npy,Soundtrack|Instrumental,Soundtrack|Instrumental
up_0155.npy,up,up
120469_0002.npy,Ambient Electronic|Dubstep,Ambient Electronic|Dubstep
five_0211.npy,five,dog
bed_0022.npy,bed,bird
029746_0000.npy,Novelty|Kid-Friendly,Synth Pop
dog_0018.npy,dog,dog
right_0188.npy,right,right
marvin_0045.npy,marvin,marvin
yes_0193.npy,yes,yes
121323_0001.npy,Alternative Hip-Hop|Rap|Hip-Hop Beats,Alternative Hip-Hop|Rap|Hip-Hop Beats
131922_0000.npy,Soundtrack|Ambient|Instrumental,Soundtrack|Ambient|Instrumental
076078_0001.npy,International|Europe,International|Balkan
bird_0125.npy,bird,bird
six_0044.npy,six,six
132453_0001.npy,Singer-Songwriter,Experimental Pop
left_0187.npy,left,left
069785_0002.npy,Experimental|Electroacoustic,Experimental|Electroacoustic
five_0220.npy,five,five
